ProductTypeId,ManufacturerId,ProductId,Id
0x0001,0x0060,0x0002,1
0x0007,0x0060,0x0001,2
0x0006,0x0060,0x0001,3
0x0001,0x5254,0x8332,4
0x0001,0x0114,0x0001,5
0x1300,0x010A,0x5A00,7
0x1200,0x010A,0x5100,8
0x0011,0x0116,0x0001,9
0x1516,0x011A,0x3545,10
0x1112,0x011A,0x3040,11
0x1415,0x011A,0x3343,12
0x0002,0x0116,0x0001,14
0x0011,0x0116,0x0002,15
0x8201,0x5254,0x0200,16
0x8001,0x5254,0x0000,17
0x0011,0x0039,0x0002,18
0x1000,0x0115,0x0002,19
0x1000,0x0115,0x0001,20
0x0010,0x0116,0x0001,23
0x0001,0x0060,0x0001,24
0x0000,0x0086,0x0005,25
0x8005,0x0002,0x2001,26
0x0000,0x0086,0x0006,27
0x0200,0x010F,0x0102,29
0x0003,0x0060,0x0001,30
0x0003,0x0060,0x0001,32
0x0004,0x0060,0x0001,33
0x0004,0x0060,0x0001,34
0x0001,0x0060,0x0001,35
0x0202,0x0118,0x0611,36
0x0202,0x0118,0x0511,37
0x0300,0x010F,0x0102,38
0x0002,0x008A,0x0100,39
0x5250,0x0033,0x3032,40
0x5250,0x0033,0x3032,41
0x5250,0x0033,0x3032,42
0x0007,0x008A,0x0100,43
0x0011,0x0039,0x0001,44
0x0102,0x0118,0x1020,45
0x0200,0x010F,0x0102,46
0x0006,0x0099,0x0001,47
0x8004,0x0002,0x2020,48
0x0004,0x0080,0x0001,49
0x8004,0x0002,0x2010,50
0x0005,0x008A,0x0100,51
0x0002,0x0099,0x0002,52
0x0001,0x008A,0x0100,53
0x0003,0x0099,0x0004,54
0x0002,0x0099,0x0002,55
0x0003,0x0099,0x0004,56
0x0003,0x0099,0x0004,57
0x0002,0x0099,0x0002,58
0x4556,0x0113,0x4C32,59
0x0008,0x008A,0x0100,61
0x4556,0x0113,0x5435,62
0x5A52,0x0047,0x5400,65
0x0001,0x0096,0x0001,69
0x2002,0x0109,0x0201,72
0x0006,0x008A,0x0100,73
0x0004,0x008A,0x0100,75
0x0003,0x008A,0x0100,76
0x0102,0x0092,0x0002,77
0x5452,0x008B,0x5435,79
0x5452,0x008B,0x5434,80
0x4556,0x0113,0x5434,81
0x0001,0x0010,0x0009,82
0x2002,0x0109,0x0201,84
0x0006,0x0099,0x0001,86
0x1200,0x010A,0x5200,87
0x0100,0x010F,0x0100,88
0x5045,0x0005,0x0653,89
0x2001,0x0109,0x0101,90
0x0023,0x0084,0x0109,91
0x0021,0x0084,0x010A,92
0x8005,0x0002,0x0001,93
0x2100,0x010A,0x8A00,94
0x2100,0x010A,0x8900,95
0x0001,0x0106,0x0001,96
0x0006,0x0099,0x0001,97
0x0003,0x0085,0x0001,105
0x8200,0x0111,0x0200,106
0x5452,0x008B,0x5433,107
0x5452,0x008B,0x5432,108
0x5452,0x008B,0x5431,109
0x2001,0x0109,0x0101,111
0x1000,0x009B,0x1001,112
0x0002,0x0086,0x0004,114
0x0001,0x0059,0x0003,115
0x0003,0x0059,0x0002,116
0x0001,0x008C,0x0001,118
0x0001,0x008C,0x0001,119
0x1100,0x010A,0x4A00,120
0x1100,0x010A,0x4900,121
0x000E,0x0060,0x0001,122
0x8007,0x0020,0x1398,124
0x0003,0x0059,0x0001,125
0x0003,0x0059,0x0001,126
0x4457,0x0001,0x3034,128
0x0313,0x0084,0x0107,130
0x0001,0x0162,0x03E9,131
0x0001,0x0100,0x0020,132
0x0003,0x0086,0x0006,133
0x5246,0x0001,0x3133,134
0x0001,0x0102,0x0001,135
0x0002,0x0086,0x0009,140
0x0002,0x0086,0x0009,141
0x0001,0x0086,0x0003,142
0x0001,0x0086,0x0003,143
0x0001,0x0162,0x03E9,148
0x5250,0x0001,0x3030,152
0x4450,0x0001,0x3030,154
0x5457,0x0113,0x3033,155
0x0001,0x0090,0x0001,157
0x0001,0x0098,0x001E,158
0x0001,0x0095,0x0001,159
0x0003,0x0095,0x0000,160
0x0003,0x0089,0x0101,161
0x0003,0x0089,0x0001,162
0x8008,0x0063,0x5301,165
0x0002,0x009E,0x0001,166
0x0002,0x0089,0x0101,167
0x0001,0x009E,0x0001,168
0x0001,0x0089,0x0101,169
0x0000,0x5254,0x5320,170
0x0003,0x0095,0x0000,171
0x0001,0x0090,0x0001,172
0x8007,0x0002,0x0200,173
0x0000,0x5254,0x531F,174
0x0000,0x5254,0x531E,175
0x0213,0x0084,0x020C,178
0x8007,0x0002,0x0200,179
0x4C54,0x0047,0x0001,180
0x0905,0x0040,0x0101,181
0x0902,0x0040,0x0101,182
0x0903,0x0040,0x0102,183
0x0903,0x0040,0x0101,184
0x0901,0x0040,0x0100,185
0x0902,0x0040,0x0102,186
0x0904,0x0040,0x0101,187
0x0904,0x0040,0x0102,188
0x0904,0x0040,0x0201,189
0x0905,0x0040,0x0102,190
0x0005,0x0071,0x035D,191
0x0004,0x0071,0x035D,192
0x5252,0x0001,0x3530,193
0x5250,0x0001,0x3030,194
0x0005,0x0059,0x0001,195
0x0001,0x0090,0x0001,196
0x0014,0x0081,0x0001,197
0x0001,0x0080,0x0003,205
0x0004,0x0060,0x0001,207
0x0003,0x0060,0x0001,208
0x0007,0x0060,0x0001,210
0x0003,0x007A,0x0004,211
0x0028,0x006B,0x0000,212
0x0004,0x0060,0x0002,213
0x0004,0x0060,0x0001,214
0x0004,0x0060,0x0001,215
0x0001,0x0060,0x0002,216
0x000B,0x0060,0x0001,217
0x0001,0x0094,0x0001,218
0x0804,0x0040,0x0101,219
0x0304,0x0040,0x0101,220
0x0004,0x0040,0x0101,221
0x0304,0x0040,0x0102,222
0x0804,0x0040,0x0102,223
0x0004,0x0040,0x0102,224
0x0304,0x0040,0x0201,225
0x0804,0x0040,0x0201,226
0x0004,0x0040,0x0201,227
0x0305,0x0040,0x0101,228
0x0805,0x0040,0x0101,229
0x0005,0x0040,0x0101,230
0x0305,0x0040,0x0102,231
0x0005,0x0040,0x0102,232
0x0805,0x0040,0x0102,233
0x0803,0x0040,0x0101,234
0x0303,0x0040,0x0102,235
0x0803,0x0040,0x0102,236
0x0303,0x0040,0x0101,237
0x0003,0x0040,0x0102,238
0x0003,0x0040,0x0101,239
0x0302,0x0040,0x0102,240
0x0002,0x0040,0x0102,241
0x0802,0x0040,0x0102,242
0x0302,0x0040,0x0101,243
0x0802,0x0040,0x0101,244
0x0301,0x0040,0x0100,245
0x0002,0x0040,0x0101,246
0x0801,0x0040,0x0100,247
0x0001,0x0040,0x0100,248
0x2201,0x001D,0x0209,249
0x0004,0x0040,0x0102,250
0x0002,0x0040,0x0101,251
0x0003,0x0040,0x0101,252
0x0005,0x0040,0x0101,253
0x0004,0x0040,0x0201,254
0x0001,0x0091,0x0091,255
0x000A,0x0060,0x0001,256
0x0009,0x0060,0x0001,257
0x545A,0x0033,0x0001,258
0x545A,0x0033,0x0001,259
0x0010,0x006B,0x0003,265
0x00A0,0x0081,0x0001,266
0x0010,0x006B,0x0003,267
0x0002,0x007A,0x0001,268
0x0006,0x0060,0x0001,271
0x000D,0x0060,0x0001,272
0x000C,0x0060,0x0001,273
0x0004,0x0060,0x0001,274
0x0003,0x0060,0x0001,275
0x0004,0x0060,0x0001,276
0x0003,0x0060,0x0001,277
0x8004,0x0002,0x0400,279
0x0004,0x0040,0x0101,280
0x0005,0x0040,0x0102,281
0x0003,0x0040,0x0102,282
0x0002,0x0040,0x0102,283
0x0001,0x0040,0x0100,284
0x0201,0x001D,0x0206,286
0x0201,0x001D,0x0206,287
0x0201,0x001D,0x0206,288
0x8007,0x0020,0x1391,289
0x4457,0x0063,0x3230,293
0x4457,0x0063,0x0003,300
0x0013,0x0084,0x0210,302
0x5250,0x0033,0x3031,304
0x5250,0x0033,0x3032,305
0x4647,0x0033,0x0001,306
0x4647,0x0033,0x0001,307
0x634B,0x003B,0x504C,311
0x8001,0x007A,0x8002,319
0x4002,0x007A,0x0001,321
0x8001,0x007A,0x8003,322
0x0001,0x0064,0x0000,337
0x2001,0x0064,0x0000,338
0x5002,0x0064,0x0000,339
0x5002,0x0064,0x0000,342
0x2001,0x0064,0x0000,351
0x5250,0x0001,0x3030,357
0x1001,0x0064,0x0000,370
0x0001,0x0060,0x0001,392
0x0002,0x0060,0x0001,394
0x4003,0x007A,0x0002,402
0x5257,0x0001,0x3133,412
0x5257,0x0001,0x3033,413
0x5257,0x0001,0x3330,475
0x524D,0x0001,0x3330,476
0x444D,0x0001,0x3332,477
0x444D,0x0001,0x3330,478
0x4003,0x007A,0x0001,494
0x4952,0x0001,0x3330,549
0x4952,0x0001,0x3030,550
0x1000,0x0115,0x0003,583
0x000C,0x0060,0x0001,584
0x000B,0x0060,0x0001,585
0x0001,,0x0001,586
0x0000,0x0086,0x0004,587
0x454D,0x0010,0x3532,588
0x0002,0x0099,0x0002,589
0x0003,0x0099,0x0004,590
0x200A,0x0109,0x0A01,592
0x0004,0x0080,0x0001,593
0x3101,0x0095,0x0001,594
0x3101,0x0095,0x0001,595
0x3103,0x0095,0x0001,596
0x3103,0x0095,0x0001,597
0x5045,0x0005,0x0953,598
0x2411,0x0110,0x0001,599
0x0001,0x0039,0x0001,604
0x0001,0x0090,0x0001,605
0x0001,0x0116,0x0001,606
0x0002,0x0116,0x0001,607
0x2009,0x0109,0x0901,609
0x2009,0x0109,0x0901,610
0x3101,0x0095,0x0001,611
0x3101,0x0095,0x0001,612
0x3103,0x0095,0x0001,613
0x3103,0x0095,0x0001,614
0x4D53,0x008B,0x4331,615
0x000C,0x0060,0x0001,616
0x0001,0x0060,0x0002,617
0x000D,0x0060,0x0001,618
0x4D53,0x008B,0x4332,620
0x6123,0x0097,0x4500,622
0x0005,0x008A,0x0100,623
0x0002,0x0059,0x0002,627
0x0200,0x5254,0x8030,628
0x0002,0x0099,0x0002,629
0x0002,0x0109,0xFFFF,630
0x0002,0x0129,0x0000,631
0x2006,0x0109,0x0620,632
0x0001,0x0122,0x0001,633
0x0001,0x0039,0x0001,634
0x0002,0x007A,0x0004,635
0x0023,0x0097,0x0045,637
0x0004,0x0060,0x0002,639
0x0000,0x5254,0x8380,640
0x0000,0x0122,0x0000,644
0x6401,0x0098,0x0015,646
0x0001,0x011F,0x0002,647
0x0001,0x011F,0x0001,648
0x1E54,0x0047,0x4841,650
0x5257,0x0063,0x3533,653
0x4457,0x0063,0x3230,654
0x5250,0x0063,0x3030,655
0x0001,0x011F,0x0003,656
0x5252,0x0063,0x3530,657
0x8000,0x5254,0x0002,660
0x5250,0x0063,0x3030,671
0x4450,0x0063,0x3030,672
0x6943,0x0097,0x4500,673
0x3201,0x0095,0x0001,674
0x3201,0x0095,0x0010,675
0x000D,0x0059,0x0001,676
0x0002,0x0085,0x0002,677
0x0001,0x0039,0x0003,678
0x0200,0x5254,0x8031,679
0x0001,0x0106,0x0001,680
0x0001,0x0130,0x0001,683
0x0001,0x0133,0x0001,684
0x5442,0x0010,0x5431,685
0x0001,0x0129,0x0000,686
0x0004,0x0129,0x0000,687
0x0100,0x0115,0x0001,688
0x0001,0x0123,0x0063,690
0x8800,0x0111,0x0101,691
0x474C,0x0047,0x5901,692
0x0804,0x0002,0x2000,693
0x0010,0x0060,0x0001,694
0x0011,0x0060,0x0001,695
0x0011,0x0060,0x0002,696
0x0804,0x0002,0x2000,699
0x0804,0x0002,0x2000,700
0x0002,0x0086,0x001D,701
0x2001,0x0109,0x0102,702
0x2002,0x0109,0x0202,703
0x0003,0x0086,0x000A,704
0x0002,0x0086,0x001C,705
0x0003,0x0086,0x001B,706
0x0003,0x0086,0x0013,707
0x0003,0x0086,0x0012,708
0x0003,0x0086,0x001A,709
0x0002,0x0086,0x0005,710
0x0003,0x0086,0x0019,711
0x0003,0x0086,0x0018,712
0x0101,0x011A,0x0603,713
0x0101,0x5254,0x8377,715
0x0003,0x0099,0x0003,716
0x8000,0x0123,0x0000,718
0x0001,0x0123,0x0063,719
0x5252,0x0063,0x3530,724
0x5257,0x0063,0x3533,725
0x4450,0x0063,0x3030,726
0x2001,0x0109,0x0103,727
0x2002,0x0109,0x0202,728
0x6941,0x0097,0x5501,729
0x8004,0x0002,0x0001,731
0x0001,0x0019,0x0001,733
0x5452,0x008B,0x5437,734
0x000C,0x0060,0x0001,735
0x000B,0x0060,0x0001,736
0x0001,0x0103,0x0002,737
0x0011,0x0039,0x0003,738
0x534C,0x001A,0x0000,740
0x5244,0x001A,0x0000,741
0x5352,0x001A,0x0000,742
0x4449,0x001A,0x0000,743
0x4449,0x001A,0x0000,744
0x4441,0x001A,0x0000,745
0x4449,0x001A,0x0001,746
0x1001,0x0137,0x0001,747
0x6341,0x003B,0x5044,748
0x0001,0x0090,0x0001,749
0x5354,0x001A,0x0003,750
0x4449,0x001A,0x0003,751
0x0004,0x0086,0x0025,752
0x1000,0x013B,0x1828,753
0x1182,0x0097,0x4500,754
0x1180,0x0097,0x4500,755
0x0001,0x0114,0x0001,757
0x0001,0x010c,0x0001,758
0x5354,0x001A,0x0000,759
0x4449,0x001A,0x0002,760
0x4449,0x001A,0x0002,761
0x2014,0x0109,0x1401,762
0x0002,0x0086,0x0005,763
0x0002,0x0086,0x001D,764
0x0003,0x0086,0x001B,765
0x0003,0x0086,0x0013,766
0x0003,0x0086,0x0012,767
0x0003,0x0086,0x001A,768
0x0003,0x0086,0x0019,769
0x0003,0x0086,0x0018,770
0x0002,0x0086,0x0005,771
0x0002,0x0086,0x001D,772
0x0003,0x0086,0x001B,773
0x0003,0x0086,0x0013,774
0x0003,0x0086,0x0012,775
0x0003,0x0086,0x001A,776
0x0003,0x0086,0x0019,777
0x0003,0x0086,0x0018,778
0x2001,0x0109,0x0102,779
0x0001,0x013C,0x0001,780
0x0001,0x0090,0x0001,781
0x6401,0x0098,0x0106,782
0x0001,0x013C,0x0001,783
0x0001,0x013C,0x0001,784
0x0001,0x0118,0x0001,785
0x0001,0x0118,0x0001,786
0x0001,0x0118,0x0001,787
0x0001,0x0123,0x0063,788
0x0001,0x014A,0x0002,790
0x0001,0x014A,0x0001,791
0x8000,0x0123,0x0000,792
0x0601,0x0123,0x0027,793
0x0301,0x0123,0x0027,794
0x6401,0x0098,0x0106,795
0x0002,0x0145,0x0002,796
0x4449,0x001A,0x0101,797
0x8201,0x5254,0x8120,801
0x0001,0x0145,0x0004,802
0x0000,0x001D,0x0334,803
0x2002,0x0109,0x0203,804
0x0002,0x0086,0x0001,805
0x0002,0x0086,0x0001,806
0x1001,0x001D,0x0334,807
0x0401,0x001D,0x0334,808
0x0501,0x001D,0x0334,809
0x0602,0x001D,0x0334,810
0x0101,0x001D,0x0334,811
0x1603,0x001D,0x0334,812
0x0000,0x001D,0x0334,813
0x0301,0x001D,0x0334,814
0x0001,0x011F,0x0003,815
0x0001,0x014A,0x0003,816
0x0243,0x0084,0x0216,817
0x0243,0x0084,0x0216,818
0x0001,0x013C,0x0003,820
0x0002,0x013C,0x0002,821
0x0001,0x013C,0x0004,822
0x0001,0x0118,0x0003,823
0x8801,0x0111,0x0201,824
0x0001,0x0148,0x0001,826
0x0253,0x0084,0x0000,827
0x0253,0x0084,0x0000,828
0x8009,0x0063,0x5303,829
0x3001,0x0137,0x0002,830
0x0001,0x0126,0x0006,831
0x0202,0x001D,0x0304,832
0x0001,0x0030,0x0001,833
0x0001,0x0099,0x0002,834
0x0002,0x013C,0x0002,835
0x0002,0x013C,0x0002,836
0x5452,0x008B,0x5439,837
0x0002,0x0118,0x0002,838
0x0002,0x0118,0x0002,839
0x0001,0x0118,0x0004,840
0x5257,0x0063,0x3533,841
0x4457,0x0063,0x3230,842
0x4457,0x0063,0x3230,844
0x5257,0x0063,0x3533,845
0x4457,0x0063,0x3230,846
0x2002,0x0109,0x0204,847
0x2001,0x0109,0x0104,848
0x1001,0x0109,0x0101,849
0x0004,0x003B,0x0004,850
0x0001,0x013C,0x0003,851
0x0005,0x0047,0x5400,852
0x0001,0x0125,0x0001,853
0x0001,0x013C,0x0004,854
0x0001,0x013C,0x0001,855
0x4457,0x0063,0x3230,856
0x0202,0x0118,0x0511,857
0x0001,0x0118,0x0003,858
0x2017,0x0109,0x1711,859
0x2004,0x0109,0x0403,860
0x0022,0x0085,0x0001,861
0x0001,0x0138,0x0002,862
0x0001,0x0138,0x0001,863
0x0004,0x0059,0x0001,864
0x5452,0x008B,0x5443,865
0x0001,0x0118,0x0004,866
0x0003,0x0060,0x0001,870
0x0004,0x0060,0x0002,871
0x0000,0x0060,0x0001,872
0x0101,0x0060,0x0001,873
0x0005,0x0047,0x5400,874
0x0444,0x0139,0x0415,875
0x2007,0x0109,0x0703,876
0x2008,0x0109,0x0803,877
0x0001,0x0150,0x0191,878
0x0000,0x0060,0x0002,879
0x0001,0x013C,0x0006,880
0x0001,0x0151,0x0001,881
0x0202,0x0118,0x0511,882
0x0001,0x0118,0x0001,883
0x0202,0x0118,0x0511,884
0x0202,0x0118,0x0611,885
0x0202,0x0118,0x0611,886
0x0202,0x0118,0x0611,887
0x4450,0x0063,0x3030,888
0x0001,0x0118,0x0006,889
0x0001,0x0118,0x0006,890
0x0001,0x013C,0x0006,891
0x0101,0x0135,0x0001,892
0x4457,0x0063,0x3230,893
0x4457,0x0063,0x3230,894
0x0004,0x0060,0x0001,895
0x0601,0x0123,0x0027,898
0x0601,0x0123,0x0027,899
0x0301,0x0123,0x0027,900
0x0301,0x0123,0x0027,901
0x0000,0x0135,0x0001,902
0x0000,0x0135,0x0001,903
0x0004,0x0135,0x0001,904
0x0003,0x0135,0x0001,905
0x0000,0x0135,0x0001,906
0x0004,0x0135,0x0002,907
0x0202,0x0154,0x0611,908
0x0202,0x0154,0x0611,909
0x0202,0x0154,0x0611,910
0x0202,0x0154,0x0511,912
0x0202,0x0154,0x0511,913
0x0202,0x0154,0x0511,914
0x0002,0x0060,0x0001,921
0x0000,0x0060,0x0001,922
0x0006,0x0060,0x0001,923
0x0002,0x0060,0x0001,924
0x0006,0x0135,0x0001,925
0x0001,0x0060,0x0003,926
0x0002,0x0151,0x0001,927
0x2001,0x0137,0x0001,928
0x0507,0x0063,0x0403,930
0x0343,0x0084,0x0205,931
0x0005,0x0002,0x0003,932
0x0002,0x0135,0x0001,933
0x0006,0x0060,0x0001,934
0x0000,0x0059,0x0001,935
0x0000,0x0144,0x0000,936
0x0001,0x014D,0x0001,937
0x0001,0x0012,0x0001,938
0x0002,0x0015,0x0001,939
0x0001,0x0015,0x0001,940
0x8015,0x0015,0x0001,941
0x3001,0x0163,0x0301,942
0x3001,0x0163,0x0301,943
0x0001,0x0090,0x0001,945
0x0102,0x0123,0x0102,946
0x0103,0x0123,0x0103,947
0x0003,0x0173,0x0002,953
0x0001,0x0146,0x0001,954
0x0002,0x0060,0x0002,957
0x8000,0x0123,0x0000,959
0x0000,0x0060,0x0001,960
0x0001,0x008C,0x0001,961
0x0005,0x0002,0x0004,967
0x0001,0x0121,0x0101,968
0x0001,0x014D,0x0001,969
0x4441,0x001A,0x0000,971
0x4449,0x001A,0x0000,972
0x0000,0x0060,0x0001,973
0x0006,0x0060,0x0001,974
0x0007,0x0060,0x0001,975
0x0001,0x0060,0x0003,976
0x0001,0x0060,0x0002,977
0x0003,0x0060,0x0001,978
0x0004,0x0060,0x0005,979
0x5042,0x0063,0x4004,980
0x2006,0x0109,0x0622,981
0x2006,0x0109,0x0622,982
0x2006,0x0109,0x0622,983
0x2006,0x0109,0x0622,984
0x3001,0x0163,0x0301,985
0x3001,0x0163,0x0301,986
0x2001,0x0109,0x0105,988
0x0001,0x0039,0x0005,989
0x2012,0x0109,0x1203,990
0x0101,0x5254,0x8370,991
0x0003,0x0060,0x0001,992
0x0600,0x010F,0x1000,993
0x0000,0x010F,0x1001,994
0x3001,0x0163,0x0301,995
0x0002,0x0103,0x0002,996
0x0504,0x0010,0x3431,997
0x0103,0x0086,0x004E,998
0x0002,0x008C,0x0001,999
0x5438,0x008B,0x3234,1000
0x0002,0x0086,0x0002,1001
0x0002,0x0086,0x0002,1002
0x0002,0x0086,0x0002,1003
0x0004,0x0086,0x0025,1004
0x0002,0x008C,0x0002,1005
0x4138,0x008B,0x3234,1006
0x5246,0x0113,0x3133,1007
0x0202,0x0152,0x0511,1008
0x2005,0x0109,0x0505,1009
0x0001,0x0039,0x0005,1011
0x0010,0x0059,0x0002,1012
0x8000,0x0123,0x0000,1013
0x0104,0x0123,0x0104,1014
0x0003,0x0086,0x000B,1015
0x0012,0x0149,0x0104,1016
0x0004,0x0086,0x0025,1017
0x0001,0x0010,0x0001,1018
0x0001,0x001D,0x0334,1019
0x1901,0x001D,0x0334,1020
0x0001,0x001D,0x0334,1021
0x0001,0x001D,0x0304,1022
0x0001,0x001D,0x0334,1023
0x6349,0x0003,0x5044,1024
0x6341,0x0003,0x0544,1025
0x2009,0x0014,0x0903,1026
0x5246,0x0014,0x3133,1027
0x5457,0x0014,0x3033,1028
0x5257,0x0014,0x3033,1029
0x4450,0x0014,0x3030,1030
0x5250,0x0014,0x3030,1031
0x4457,0x0014,0x3034,1032
0x2001,0x0014,0x0102,1033
0x2002,0x0014,0x0203,1034
0x0005,0x0002,0x0004,1035
0x0000,0x010F,0x1001,1036
0x0002,0x008C,0x0001,1037
0x0002,0x008C,0x0001,1038
0x0004,0x0129,0x0800,1039
0x0002,0x0129,0x0800,1040
0x0000,0x010F,0x2001,1041
0x5053,0x0010,0x3231,1042
0x0001,0x0171,0x0002,1043
0x0100,0x0157,0x0100,1044
0x0003,0x0086,0x004B,1045
0x2002,0x0098,0x0100,1046
0x0800,0x010F,0x1001,1048
0x0000,0x010F,0x1000,1049
0x0700,0x010F,0x1000,1050
0x6341,0x0003,0x5044,1051
0x6349,0x0003,0x5044,1052
0x0103,0x0086,0x004B,1053
0x0900,0x010F,0x1000,1054
0x0203,0x0086,0x004B,1056
0x0003,0x0060,0x0002,1057
0x0004,0x0060,0x0008,1058
0x4744,0x0014,0x3032,1059
0x0804,0x0002,0x2002,1060
0x0001,0x017F,0x0001,1061
0x0003,0x0002,0x8010,1062
0x0003,0x0002,0x8010,1063
0x2004,0x0109,0x04A4,1064
0x0003,0x0060,0x0003,1065
0x0004,0x0060,0x0007,1066
0x0004,0x0060,0x0006,1067
0x1001,0x0109,0x0102,1068
0x0001,0x0165,0x0001,1069
0x2002,0x0109,0x0205,1070
0x201A,0x0109,0x1A02,1071
0x0900,0x010F,0x2000,1072
0x0800,0x010F,0x2001,1076
0x0700,0x010F,0x2000,1077
0x0001,0x0156,0x0001,1078
0x0014,0x0149,0x0204,1079
0x0001,0x0182,0x0001,1081
0x0100,0x0166,0x0100,1082
0x2007,0x0109,0x0706,1083
0x2004,0x0109,0x0404,1084
0x2004,0x0109,0x04A4,1085
0x0100,0x018F,0x0101,1086
0x0002,0x013C,0x000C,1087
0x0001,0x013C,0x0011,1088
0x0203,0x0086,0x004E,1089
0x0002,0x013C,0x000D,1090
0x4447,0x0184,0x3031,1091
0x0002,0x013C,0x000E,1092
0x0001,0x0200,0x0001,1093
0x4742,0x0014,0x3030,1094
0x1000,0x5254,0x8140,1095
0x0400,0x0060,0x0001,1096
0x3102,0x0015,0x0204,1114
0x5102,0x0015,0x0103,1115
0x2007,0x0202,0x0703,1117
0x2006,0x0202,0x0621,1118
0x2002,0x0202,0x0202,1119
0x2008,0x0202,0x0803,1120
0x2001,0x0202,0x0102,1121
0x0200,0x0202,0x0000,1122
0x0002,0x008C,0x0032,1123
0x0004,0x001E,0x0001,1124
0x4744,0x0184,0x3032,1125
0x4447,0x0184,0x3033,1126
0x4447,0x0184,0x3034,1127
0x0001,0x0175,0x0011,1129
0x0002,0x0175,0x000E,1130
0x0002,0x0175,0x000D,1131
0x0002,0x0131,0x0002,1132
0x0103,0x0086,0x004E,1133
0x0104,0x0086,0x0050,1134
0x0005,0x0059,0x0005,1135
0x0004,0x0086,0x0050,1136
0x4754,0x020E,0x3038,1137
0x5438,0x008B,0x3530,1139
0x0003,0x0060,0x0001,1140
0x0204,0x0086,0x0050,1141
0x0003,0x0086,0x004E,1142
0x0100,0x0175,0x0101,1143
0x2012,0x0109,0x1206,1144
0x2801,0x0108,0x0001,1145
0x0801,0x010F,0x1001,1146
0x,0x0115,0x,1147
0x0001,0x013C,0x0012,1148
0x0001,0x013C,0x0010,1149
0x0001,0x0115,0x0001,1150
0x0002,0x0108,0x000E,1151
0x0002,0x0108,0x000D,1152
0x8200,0x5254,0x8130,1153
0x8201,0x5254,0x8021,1155
0x8001,0x5254,0x8020,1156
0x4138,0x008B,0x3530,1157
0x0001,0x0190,0x0001,1161
0x4754,0x014F,0x3038,1162
0x0102,0x0086,0x004A,1163
0x0001,0x013C,0x0015,1164
0x0101,0x0086,0x0058,1165
0x0004,0x013C,0x000A,1166
0x0002,0x013C,0x001E,1167
0x0003,0x008C,0x0033,1168
0x0202,0x0086,0x004A,1169
0x0002,0x0086,0x004A,1170
0x0040,0x018B,0x0001,1172
0x5A44,0x0178,0x414E,1173
0x000E,0x0059,0x0001,1174
0x000D,0x0059,0x0003,1175
0x0008,0x013C,0x001D,1176
0x0201,0x0086,0x0058,1177
0x0001,0x0086,0x0058,1178
0x0102,0x0086,0x0059,1179
0x0001,0x013C,0x0013,1181
0x0001,0x019B,0x0001,1182
0x0202,0x0086,0x0059,1183
0x0002,0x0086,0x0059,1184
0x0008,0x010E,0x0001,1185
0x0002,0x013C,0x001F,1186
0x0003,0x0002,0x8010,1187
0x0003,0x0002,0x8010,1188
0x8000,0x0123,0x0000,1189
0x0002,0x0123,0x0000,1190
0x5044,0x0063,0x3031,1191
0x5052,0x0063,0x3032,1192
0x5052,0x0063,0x3031,1193
0x0004,0x0063,0x3031,1194
0x4952,0x0063,0x3031,1195
0x4952,0x0063,0x3032,1196
0x4944,0x0063,0x3031,1197
0x4944,0x0063,0x3032,1198
0x0004,0x0063,0x3031,1199
0x4952,0x0063,0x3033,1200
0x4944,0x0063,0x3033,1201
0x4944,0x0063,0x3034,1202
0x4952,0x0063,0x3034,1203
0x4944,0x0063,0x3035,1204
0x4944,0x0063,0x3036,1205
0x4944,0x0063,0x3037,1206
0x5044,0x0063,0x3032,1207
0x0002,0x0103,0x0002,1208
0x4450,0x0063,0x3030,1209
0x5052,0x0063,0x3031,1210
0x0004,0x0063,0x3031,1211
0x4952,0x0063,0x3031,1212
0x5257,0x0063,0x3533,1213
0x4457,0x0063,0x3230,1214
0x4457,0x0063,0x3230,1215
0x4457,0x0063,0x3230,1216
0x4457,0x0063,0x3230,1217
0x5042,0x0063,0x4004,1218
0x5257,0x0063,0x3533,1219
0x4457,0x0063,0x3230,1220
0x4944,0x0063,0x3034,1221
0x5257,0x0063,0x3533,1222
0x4457,0x0063,0x3230,1223
0x4450,0x0063,0x3031,1224
0x5250,0x0063,0x3031,1225
0x0001,0x0016,0x0001,1227
0x0001,0x0193,0x0001,1228
0x5452,0x0008,0x5442,1230
0x0001,0x0159,0x0001,1231
0x0001,0x0017,0x0002,1232
0x0001,0x019B,0x0001,1234
0x0001,0x0018,0x0001,1236
0x4243,0x0001,0x0000,1237
0x0008,0x010E,0x0002,1238
0x,0x0109,0x,1239
0x000D,0x0059,0x0002,1240
0x0001,0x0059,0x0004,1241
0x0513,0x0084,0x0111,1242
0x0001,0x0017,0x0111,1243
0x0005,0x001E,0x0002,1244
0x0011,0x0059,0x0001,1245
0x000E,0x0059,0x0002,1246
0x0004,0x018E,0x0002,1247
0x0006,0x0017,0x0003,1249
0x0008,0x010E,0x0001,1250
0x0008,0x010E,0x0002,1251
0x0005,0x001E,0x0002,1252
0x000E,0x0059,0x0001,1253
0x0004,0x001E,0x0001,1254
0x0005,0x0002,0x0017,1255
0x0001,0x0199,0x0001,1256
0x0011,0x0059,0x0001,1257
0x0005,0x0002,0x0175,1258
0x0201,0x0183,0x0701,1259
0x01,0x0115,0x01,1260
0x0002,0x0108,0x001E,1261
0x0004,0x0108,0x000A,1262
0x4944,0x0063,0x3135,1263
0x1214,0x0149,0x0304,1264
0x1000,0x0111,0x0010,1265
0x4952,0x0063,0x3130,1266
0x5044,0x0063,0x3037,1267
0x5044,0x0063,0x3039,1268
0x5052,0x0063,0x3037,1269
0x5052,0x0063,0x3039,1270
0x0011,0x0059,0x0002,1271
0x0001,0x019E,0x0001,1272
0x0C02,0x010F,0x1002,1273
0x0101,0x0021,0x0101,1274
0x0001,0x0136,0x0001,1275
0x2009,0x0109,0x0907,1276
0x2005,0x0109,0x0508,1278
0x0002,0x0130,0x0000,1281
0x0100,0x0115,0x0103,1282
0x1214,0x0149,0x0304,1283
0x0001,0x0086,0x0026,1284
0x0001,0x0086,0x0026,1285
0x5442,0x0014,0x5431,1286
0x1007,0x0015,0x0002,1287
0x0001,0x0086,0x0026,1288
0x0102,0x0086,0x005F,1289
0x4754,0x014F,0x3038,1290
0x4754,0x014F,0x3038,1291
0x0027,0x0207,0x0100,1294
0x0001,0x0195,0x0001,1295
0x0020,0x0108,0x0001,1297
0x4744,0x014F,0x3530,1298
0x0002,0x013C,0x001F,1299
0x0009,0x013C,0x0022,1300
0x6501,0x0098,0x0000,1301
0x0001,0x0131,0x0001,1302
0x201C,0x0109,0x1C03,1304
0x0100,0x0014,0x0000,1305
0x0104,0x0086,0x0038,1307
0x0001,0x000C,0x0003,1308
0x0001,0x000C,0x0003,1309
0x0001,0x000C,0x0003,1310
0x0001,0x000C,0x0003,1311
0x0103,0x0086,0x0060,1312
0x0001,0x018E,0x0002,1313
0x0001,0x000C,0x0003,1314
0x0103,0x0086,0x0062,1315
0x0100,0x022A,0x0100,1317
0x0010,0x0222,0x0010,1318
0x0001,0x0010,0x1001,1319
0x0002,0x0106,0x0001,1320
0x0001,0x007F,0x0001,1321
0x0002,0x0086,0x0001,1322
0x0004,0x022E,0x0004,1323
0x0001,0x0118,0x0011,1324
0x2012,0x0109,0x1207,1325
0x0002,0x0165,0x0001,1326
0x201B,0x0109,0x1B02,1327
0x200F,0x0109,0x0F04,1328
0x0004,0x0106,0x0001,1329
0x2002,0x0098,0x0100,1330
0x0203,0x0086,0x0060,1331
0x6E01,0x0098,0x0000,1333
0x201F,0x0109,0x1F20,1334
0x0002,0x0159,0x0053,1336
0x0900,0x0217,0x0001,1342
0x5343,0x0178,0x4735,1344
0x0101,0x0086,0x005A,1345
0x0001,0x023C,0x0001,1347
0x0102,0x010F,0x1000,1348
0x4442,0x0178,0x3130,1349
0x0002,0x013C,0x0020,1350
0x0201,0x0086,0x005A,1351
0x0002,0x013C,0x002B,1352
0x0002,0x013C,0x0021,1353
0x0B01,0x010F,0x1002,1354
0x0001,0x086,0x005A,1355
0x0702,0x010F,0x1002,1356
0x0001,0x010F,0x1001,1357
0x0006,0x0129,0x0000,1358
0x0808,0x0118,0x0808,1359
0x0808,0x0118,0x0808,1360
0x0808,0x0118,0x0808,1361
0x0808,0x0118,0x0808,1362
0x,0x014F,0x,1363
0x0006,0x022E,0x0006,1364
0x0005,0x022E,0x0005,1365
0x0003,0x022E,0x0003,1366
0x2017,0x0109,0x1719,1367
0x0103,0x0086,0x0062,1368
0x4944,0x0063,0x3138,1369
0x4F50,0x0063,0x3033,1370
0x4952,0x0063,0x3039,1371
0x4944,0x0063,0x3137,1372
0x0001,0x022E,0x0001,1373
0x4952,0x0063,0x3131,1374
0x4944,0x0063,0x3136,1375
0x0007,0x022E,0x0008,1376
0x0001,0x0223,0x0001,1377
0x200C,0x0109,0x0C06,1378
0x0203,0x0086,0x0062,1379
0x0003,0x0086,0x0062,1380
0x0002,0x018B,0x0003,1381
0x0003,0x022C,0x0001,1382
0x0002,0x0165,0x0003,1383
0x0042,0x018C,0x0001,1384
0x0007,0x022E,0x0007,1385
0x0001,0x0090,0x0642,1386
0x0001,0x0090,0x0436,1387
0x0001,0x0090,0x0336,1388
0x0001,0x0090,0x0236,1389
0x0102,0x0086,0x0064,1390
0x0049,0x0233,0x0001,1391
0x0001,0x0090,0x0236,1392
0x0001,0x0090,0x0336,1393
0x0001,0x0090,0x0436,1394
0x4754,0x020E,0x3038,1396
0x0008,0x013C,0x0026,1397
0x0002,0x010F,0x1001,1398
0x0007,0x0129,0x0000,1399
0x5044,0x0063,0x3033,1400
0x5044,0x0063,0x3035,1401
0x5052,0x0063,0x3035,1402
0x0002,0x0086,0x0064,1403
0x0202,0x0086,0x0064,1404
0x0100,0x0115,0x0201,1405
0x,0x,0x,1406
0x0008,0x013C,0x0027,1407
0x0001,0x0131,0x0002,1408
0x0001,0x0131,0x0003,1409
0x0102,0x0118,0x2036,1410
0x0102,0x0118,0x1036,1411
0x0102,0x0118,0x1056,1412
0x0102,0x0118,0x2056,1413
0x4754,0x014F,0x3038,1414
0x0002,0x010F,0x1000,1415
0x001B,0x0086,0x0048,1416
0x0003,0x0198,0x0001,1417
0x0002,0x0165,0x0002,1418
0x0003,0x0106,0x0002,1420
0x5044,0x0063,0x3131,1421
0x0001,0x016B,0x0002,1422
0x0003,0x0118,0x0002,1423
0x0100,0x0115,0x0400,1424
0x0003,0x0086,0x0060,1425
0x0001,0x0240,0x0001,1426
0x0003,0x018E,0x0002,1427
0x0003,0x018E,0x0001,1428
0x0001,0x018E,0x0001,1429
0x0003,0x018E,0x0003,1430
0x0000,0x0170,0x0000,1432
0x5044,0x0063,0x3038,1433
0x1000,0x0212,0x1000,1434
0x5052,0x0063,0x3038,1435
0x5052,0x0063,0x3130,1436
0x5052,0x0063,0x3033,1437
0x4952,0x0063,0x3036,1438
0x0049,0x0233,0x0001,1439
0x0004,0x0060,0x0006,1440
0x5044,0x0063,0x3130,1441
0x4944,0x0063,0x3038,1442
0x4C42,0x020E,0x3133,1443
0x0003,0x0118,0x0004,1444
0x0103,0x0086,0x003E,1445
0x0002,0x0150,0x0006,1446
0x4C42,0x014F,0x3133,1447
0x0009,0x013C,0x0022,1448
0x0002,0x013C,0x000C,1449
0x0002,0x013C,0x001F,1450
0x0001,0x023C,0x0002,1451
0x0002,0x015B,0x0001,1453
0x0001,0x022E,0x0001,1454
0x0005,0x0176,0x0001,1455
0x0004,0x0060,0x0007,1456
0x0001,0x015B,0x0001,1457
0x4744,0x014F,0x3530,1458
0x0001,0x022E,0x0001,1491
0x0001,0x0246,0x0001,1492
0x0002,0x0150,0x000C,1493
0x,0x,0x,1494
0x0102,0x0086,0x0061,1495
0x0203,0x0086,0x003E,1496
0x0003,0x0086,0x003E,1497
0x0001,0x014A,0x0002,1498
0xB005,0x0114,0x3BC4,1499
0x0004,0x014A,0x0001,1500
0x0004,0x014A,0x0003,1501
0x0001,0x0117,0x0080,1502
0x0102,0x010F,0x1000,1504
0x0005,0x0002,0x0175,1506
0x0005,0x0002,0x0004,1507
0x0003,0x0185,0x0008,1509
0x0003,0x019A,0x0003,1510
0x0800,0x0217,0x0001,1511
0x0003,0x0230,0x0001,1512
0x0001,0x019E,0x0001,1513
0x0801,0x010F,0x2001,1514
0x0103,0x0086,0x0063,1515
0x0003,0x0086,0x0063,1519
0x1001,0x0039,0x0007,1520
0x4742,0x014F,0x3030,1521
0x0100,0x022D,0x0001,1522
0x5343,0x020E,0x3132,1523
0x0001,0x022E,0x0001,1524
0x0102,0x010F,0x2000,1525
0x0000,0x5254,0x8510,1526
0x0003,0x0060,0x0003,1527
0x0002,0x0159,0x0051,1528
0x5343,0x020E,0x3132,1529
0x4C42,0x020E,0x3134,1530
0x0004,0x0115,0x0002,1531
0x0008,0x010E,0x0002,1532
0x0102,0x016A,0x0064,1534
0x0004,0x0106,0x0001,1535
0x0003,0x0176,0x0001,1536
0x0003,0x0152,0x0512,1537
0x0003,0x0236,0x0002,1538
0x0001,0x0039,0x0006,1539
0x0100,0x5254,0x8371,1540
0x0001,0x022E,0x0001,1541
0x0003,0x0176,0x0002,1542
0x4C42,0x020E,0x3135,1543
0x0001,0x0117,0x0080,1544
0x0001,0x0117,0x0080,1545
0x0001,0x0117,0x0080,1546
0x001,0x0117,0x0080,1547
0x,0x,0x,1548
0x0103,0x016A,0x0060,1549
0x0004,0x0115,0x0003,1550
0x0102,0x5254,0x8377,1551
0x0100,0x5254,0x8377,1552
0x0100,0x022D,0x0001,1553
0x0001,0x0223,0x0002,1555
0x0001,0x0176,0x0002,1556
0x0003,0x0157,0x0512,1560
0x0002,0x0106,0x0001,1562
0x0001,0x0059,0x0005,1563
0x201F,0x0109,0x1F10,1566
0x,0x,0x,1567
0x0001,0x0232,0x0001,1568
0x1214,0x0149,0x0504,1569
0x0003,0x0106,0x0002,1571
0x2021,0x0109,0x2101,1572
0x0003,0x018E,0x0009,1573
0x0102,0x0086,0x0078,1574
0x0003,0x0245,0x0001,1575
0x0001,0x023A,0x0001,1576
0x8000,0x021C,0x1000,1577
0x0202,0x0086,0x0078,1578
0x002,0x0086,0x0078,1579
0x0003,0x0190,0x0001,1580
0x0204,0x0086,0x0038,1581
0x2018,0x0109,0x1805,1582
0x0004,0x0086,0x0038,1583
0x0001,0x5254,0x8510,1584
0x000B,0x5254,0x8510,1585
0x0003,0x0118,0x0003,1586
0x0248,0x0002,0xA010,1587
0x0221,0x015D,0x251C,1588
0x201C,0x014F,0x1C03,1590
0x0040,0x018B,0x0100,1591
0x0003,0x0245,0x0002,1593
0x0103,0x0086,0x0062,1594
0x0003,0x0248,0x0001,1595
0x0002,0x0086,0x005F,1596
0x0621,0x015D,0xF21C,1597
0x0001,0x013C,0x0011,1598
0x0006,0x013C,0x001A,1599
0x0001,0x013C,0x0028,1600
0x0002,0x0148,0x0001,1601
0x0248,0x0002,0xA020,1602
0x0001,0x0239,0x0001,1603
0x0003,0x0118,0x0008,1604
0x4350,0x009B,0x3330,1605
0x0042,0x018C,0x0002,1606
0x0042,0x018C,0x0005,1607
0x0003,0x022C,0x0001,1608
0x0001,0x0099,0xA001,1609
0x0002,0x0130,0x0001,1610
0x0102,0x0086,0x0070,1611
0x0100,0x025D,0x0100,1612
0x0102,0x016A,0x0066,1613
0x0002,0x0086,0x0070,1615
0x0202,0x0086,0x0070,1616
0x0001,0x0118,0x0012,1617
0x0003,0x0059,0x0005,1618
0x0003,0x0059,0x0006,1619
0x0701,0x010F,0x2001,1620
0x0003,0x018E,0x0004,1621
0x0003,0x0086,0x0011,1622
0x0003,0x0086,0x000E,1623
0x0003,0x0106,0x0002,1624
0x0x03,0x0x17,0x0x02,1625
0x0102,0x016A,0x0070,1627
0x0003,0x0118,0x0008,1628
0x0003,0x0106,0x0002,1629
0x0100,0x022D,0x0001,1635
0x0001,0x5254,0x8380,1639
0x0004,0x0118,0x0002,1640
0x0002,0x018B,0x0001,1641
0x0B01,0x010F,0x2002,1642
0x0001,0x008C,0x0022,1643
0x0004,0x0150,0x0001,1644
0x2003,0x015D,0xB41C,1645
0x0651,0x015D,0xF51C,1646
0x0001,0x013C,0x0038,1647
0x0248,0x0002,0xA030,1648
0x0248,0x0002,0xA040,1649
0x4761,0x024D,0x0001,1651
0x0602,0x010F,0x1001,1653
0x0D01,0x010F,0x1000,1655
0x0002,0x012A,0x0001,1659
0x0003,0x0118,0x0008,1660
0x0002,0x0150,0x000C,1661
0x0001,0x013C,0x0010,1663
0x0003,0x0242,0x0011,1664
0x0004,0x0118,0x0002,1665
0x0004,0x0118,0x0002,1666
0x0001,0x024D,0x0001,1667
0x0003,0x0258,0x0082,1668
0x0003,0x0238,0x0004,1669
0x0003,0x0258,0x0087,1670
0x0003,0x0258,0x0083,1671
0x0100,0x024B,0x0001,1675
0x4447,0x0184,0x3034,1676
0x4447,0x0184,0x3033,1677
0xC801,0x0098,0x000C,1678
0x4744,0x0184,0x3032,1680
0x4447,0x0184,0x3031,1681
0x4754,0x0184,0x3038,1682
0x0040,0x0129,0x0000,1683
0x0500,0x0152,0x0001,1684
0x0001,0x0094,0x0101,1686
0x0100,0x024C,0x0100,1687
0x004D,0x0257,0x0001,1689
0x0473,0x0084,0x0110,1690
0x0003,0x022C,0x0002,1691
0x0043,0x023D,0x0001,1693
0x0x04,0x0115,0x0x03,1694
0x0001,0x0165,0x0003,1701
0x2002,0x0109,0x0205,1702
0x0003,0x0068,0x000B,1703
0x0x01,0x024F,0x0x01,1704
0x2001,0x0109,0x0106,1705
0x1002,0x0109,0x0202,1706
0x0003,0x0152,0x0003,1708
0x1004,0x0109,0x0402,1709
0x0100,0x024B,0x0010,1710
0x0111,0x015D,0x1E1C,1711
0x0112,0x015D,0x1F1C,1712
0x0115,0x015D,0x201C,1713
0x0211,0x015D,0x241C,1714
0x0212,0x015D,0x271C,1715
0x0001,0x0272,0x0001,1716
0x0003,0x0152,0x0002,1717
0x201C,0x0109,0x1C03,1718
0x0004,0x026B,0x0003,1719
0x0004,0x0115,0x0003,1720
0x0x04,0x026B,0x0x03,1721
0x0500,0x0152,0x0003,1722
0x0003,0x0151,0x0003,1724
0x2022,0x0109,0x2201,1727
0x0102,0x010F,0x1000,1729
0x4447,0x000C,0x3034,1730
0x4447,0x000C,0x3034,1731
0x0100,0x0227,0x0100,1732
0x0003,0x0185,0x0009,1733
0x0403,0x010F,0x1000,1734
0x0102,0x010F,0x2000,1736
0x0001,0x0255,0x0001,1737
0x0001,0x0255,0x0001,1738
0x0004,0x0059,0x0001,1740
0x0001,0x008C,0x0023,1741
0x0203,0x010F,0x1000,1742
0x0500,0x027A,0x0003,1743
0x2021,0x0109,0x2101,1744
0x0D01,0x010F,0x2000,1745
0x0D01,0x010F,0x3000,1746
0x0003,0x027A,0x0003,1747
0x0003,0x027A,0x0512,1748
0x4353,0x026E,0x5A31,1749
0x2001,0x0109,0x01A1,1750
0x0003,0x0273,0x0001,1751
0x0003,0x019A,0x0003,1753
0x0036,0x008A,0x0100,1754
0x0002,0x018E,0x0001,1755
0x0453,0x0084,0x0111,1756
0x0001,0x019C,0x0001,1757
0x0001,0x008C,0x0023,1758
0x0x01,0x0277,0x0x01,1759
0x0001,0x0094,0x0102,1760
0x0100,0x024B,0x0001,1761
0x5052,0x0063,0x3037,1763
0x0008,0x010E,0x0002,1764
0x0111,0x011A,0x0101,1766
0x0200,0x5254,0x8170,1767
0x0139,0x0276,0x0001,1768
0x0008,0x010E,0x0002,1769
0xBA5E,0x0244,0x0001,1771
0x0111,0x011A,0x0105,1776
0x0111,0x011A,0x0605,1777
0x0003,0x0234,0x010A,1779
0x0003,0x0258,0x1082,1782
0x0003,0x0258,0x1087,1783
0x5253,0x026E,0x5A31,1785
0x5643,0x026E,0x5A31,1786
0x4252,0x026E,0x5A31,1787
0x0003,0x0258,0x0085,1788
0x0101,0x0208,0x0005,1789
0x0003,0x019A,0x0003,1790
0x0100,0x025D,0x0100,1791
0x200C,0x0109,0x0C02,1792
0x0042,0x0247,0x0001,1793
0x4953,0x0063,0x3031,1795
0xC600,0x0212,0x0004,1796
0x0168,0x0260,0x0168,1797
0x6402,0x0098,0x0001,1798
0x0x04,0x0115,0x0x04,1799
0x4953,0x0063,0x3032,1800
0x8001,0x0260,0x1000,1801
0x0001,0x0248,0x0001,1802
0x0003,0x0185,0x0009,1803
0x2021,0x027A,0x2101,1804
0x5052,0x0063,0x3038,1805
0x2017,0x0109,0x1717,1807
0x0248,0x0002,0xA010,1808
0x0003,0x018E,0x0002,1809
0x0102,0x0086,0x0064,1810
0x0A02,0x0086,0x0064,1811
0x0002,0x0086,0x0064,1812
0x0101,0x0261,0x0201,1813
0x0x03,0x0131,0x0x01,1817
0x0621,0x015D,0xF51C,1818
0x0001,0x026F,0x0001,1820
0x0003,0x0242,0x0014,1821
0x0001,0x0268,0x0001,1823
0x0110,0x0115,0x0001,1825
0x000A,0x0094,0x010A,1826
0x0005,0x014A,0x000F,1827
0x0000,0x023F,0x0025,1828
0x0103,0x0086,0x0062,1829
0x0107,0x5254,0x8377,1830
0x0043,0x023D,0x0001,1831
0x0102,0x024A,0x0304,1832
0x0000,0x023F,0x0025,1834
0x0003,0x0249,0x0001,1835
0x0200,0x025D,0x0100,1836
0x0100,0x025D,0x0100,1837
0x0100,0x025D,0x0100,1838
0x0100,0x025D,0x0100,1839
0x4952,0x0063,0x3131,1840
0x0003,0x018B,0x0001,1841
0x0003,0x0173,0x0003,1842
0x4F50,0x0063,0x3033,1843
0x0203,0x0086,0x0062,1844
0x0x03,0x000C,0x0x02,1845
0x0111,0x011A,0x0202,1846
0x0003,0x021F,0x0086,1847
0x0111,0x011A,0x0201,1848
0x0111,0x011A,0x0102,1849
0x0004,0x0118,0x0002,1850
0x0003,0x0086,0x0062,1851
0x0003,0x021F,0x1082,1852
0x4F50,0x0063,0x3032,1853
0x0101,0x0208,0x000A,1854
0x0008,0x010E,0x0002,1855
0x4952,0x0063,0x3037,1856
0x8003,0x0129,0x0B00,1857
0x0003,0x0242,0x0012,1858
0x0003,0x0242,0x0013,1859
0x4952,0x0063,0x3130,1860
0x0003,0x019A,0x0003,1862
0x0003,0x019A,0x0003,1863
0x2001,0x0131,0x0106,1864
0x004E,0x022C,0x0001,1865
0x0201,0x0285,0x0001,1866
0x0001,0x019F,0x0001,1867
0x0000,0x023F,0x0025,1868
0x0001,0x0x26,0x0000,1869
0x0042,0x018C,0x0006,1870
0x0403,0x010F,0x2000,1871
0x0002,0x5254,0x0004,1872
0x0403,0x010F,0x3000,1873
0x0203,0x010F,0x2000,1874
0x0203,0x010F,0x3000,1875
0x0100,0x024B,0x0001,1877
0x8002,0x0129,0x0600,1878
0x4952,0x0063,0x3036,1879
0x0003,0x0118,0x0008,1880
0x0002,0x0166,0x0004,1882
0x5744,0x014F,0x3530,1883
0x0100,0x024C,0x0101,1884
0x0003,0x0118,0x0008,1885
0x0004,0x0118,0x0002,1886
0x5053,0x014F,0x3531,1887
0x5754,0x014F,0x3530,1888
0x0100,0x0208,0x000A,1891
0x0201,0x0208,0x0008,1892
0x0463,0x0084,0x0204,1893
0x0200,0x0208,0x0008,1896
0x0100,0x0208,0x0004,1897
0x0005,0x014A,0x000A,1899
0x0001,0x0039,0x0008,1900
0x0101,0x027A,0x000A,1901
0x4953,0x0063,0x3133,1902
0x0201,0x0208,0x0009,1904
0x3201,0x001D,0x0001,1910
0x0003,0x027A,0x1087,1911
0x0101,0x0208,0x0003,1912
0x3001,0x0047,0x0B01,1913
0x4C42,0x020E,0x3134,1914
0x0002,0x018B,0x0001,1915
0x0001,0x0283,0x0001,1916
0x0001,0x0255,0x0001,1917
0x0200,0x0208,0x0009,1918
0x0042,0x0247,0x0001,1919
0x0003,0x0258,0x1083,1920
0x0003,0x014D,0x0302,1921
0x0001,0x0255,0x0001,1922
0x0002,0x0165,0x0001,1923
0x0002,0x0165,0x0002,1924
0x5052,0x0063,0x3039,1925
0x0003,0x027A,0x1082,1926
0x0000,0x023F,0x002A,1927
0x0000,0x023F,0x002A,1928
0x0000,0x023F,0x0025,1929
0x0000,0x023F,0x002B,1930
0x0000,0x023F,0x002B,1931
0x0000,0x023F,0x0025,1932
0x4952,0x0063,0x3039,1935
0x8002,0x0260,0x1000,1936
0x4944,0x0063,0x3138,1937
0x0003,0x027A,0x0083,1938
0x52 5,0x01 7,0x54 3,1939
0x8005,0x0260,0x1000,1940
0x8006,0x0260,0x1000,1941
0x4C42,0x0063,0x3031,1942
0x0003,0x0273,0x0001,1943
0x0F01,0x010F,0x1000,1944
0x0111,0x015D,0x231C,1945
0x0112,0x015D,0x241C,1946
0x0003,0x021F,0x1087,1947
0x0003,0x0118,0x0002,1948
0x0003,0x0118,0x0008,1949
0x0004,0x0118,0x0002,1950
0x0003,0x0118,0x0008,1951
0x0003,0x0118,0x0002,1952
0x0003,0x027A,0x0083,1953
0x0003,0x021F,0x0085,1954
0x0001,0x008C,0x0024,1955
0x3301,0x001D,0x0001,1956
0x3401,0x001D,0x0001,1957
0x3501,0x001D,0x0001,1958
0x3601,0x001D,0x0001,1959
0x0112,0x015D,0x251C,1960
0x0001,0x008C,0x0024,1961
0x0003,0x0258,0x0088,1962
0x0103,0x0086,0x0079,1963
0x0111,0x015D,0x261C,1964
0x0104,0x0086,0x0075,1966
0x0201,0x0208,0x000B,1967
0x0200,0x0208,0x000B,1968
0x2002,0x0131,0x0205,1969
0x8001,0x0129,0x0B00,1970
0x8004,0x0129,0x0600,1971
0x8002,0x0129,0x0600,1972
0x8002,0x0129,0x0600,1973
0x0003,0x0221,0x0003,1974
0x0001,0x022E,0x0001,1975
0x0101,0x0208,0x0004,1976
0x0X03,0x0X26,0X0001,1977
0x2002,0x0131,0x0205,1978
0x0007,0x008A,0x0200,1979
0x201A,0x0109,0x1AA5,1980
0x0003,0x0090,0x0642,1981
0x0009,0x013C,0x0039,1988
0x0002,0x013C,0x0036,1989
0x0001,0x017F,0x0001,1990
0x0001,0x022E,0x0001,1992
0x5441,0x008B,0x3530,1993
0x0204,0x0086,0x0075,1994
0x0004,0x0086,0x0075,1998
0x0203,0x0086,0x0079,1999
0x0003,0x0086,0x0079,2000
0x0001,0x013C,0x0029,2001
0x0002,0x013C,0x0050,2002
0x0003,0x0090,0x0238,2003
0x0003,0x0090,0x0339,2004
0x0003,0x0090,0x4006,2005
0x4000,0x015D,0x0F1C,2006
0x1215,0x015D,0x261C,2008
0x2003,0x015D,0x701C,2009
0x2003,0x015D,0xB11C,2010
0x0211,0x015D,0x242C,2011
0x0212,0x015D,0x272C,2013
0x2003,0x015D,0xB51C,2014
0x2003,0x015D,0xB31C,2016
0x0F01,0x010F,0x2000,2017
0x0F01,0x010F,0x3000,2018
0x7FFF,0x0002,0xA010,2021
0x0002,0x014D,0x0302,2022
0x0001,0x014D,0x0302,2023
0x0001,0x014d,0x0002,2024
0x0002,0x0214,0x0001,2027
0x0001,0x022E,0x0001,2028
0x0002,0x0249,0x0001,2029
0x4447,0x0184,0x3034,2031
0x4447,0x0184,0x3033,2032
0x0001,0x0299,0x1644,2033
0x0002,0x0131,0x0002,2034
0x494D,0x0063,0x3032,2035
0x5044,0x0063,0x3037,2036
0x0002,0x013C,0x0050,2037
0x6F01,0x0129,0x0001,2039
0x4447,0x0307,0x3033,2040
0x4944,0x0063,0x3136,2041
0x4447,0x0307,0x3031,2042
0x4447,0x0307,0x3034,2043
0x5044,0x0307,0x4744,2044
0x0002,0x0086,0x005F,2046
0x4944,0x0063,0x3130,2048
0x0002,0x0249,0x0001,2049
0x0002,0x0108,0x0035,2050
0x0002,0x0108,0x0034,2051
0x0022,0x0108,0x0003,2052
0x0002,0x024D,0x0002,2053
0x4952,0x0063,0x3132,2054
0x4952,0x0063,0x3038,2055
0x4141,0x008B,0x3530,2056
0x0001,0x0175,0x0012,2057
0x0112,0x015D,0x251C,2058
0x0003,0x021F,0x0088,2059
0x0111,0x015D,0x261C,2060
0x0002,0x013C,0x0036,2061
0x0B02,0x001D,0x032A,2063
0x1001,0x010F,0x1000,2064
0x0002,0x0150,0x000C,2065
0x0002,0x0150,0x000C,2066
0x0002,0x013C,0x0036,2067
0x0002,0x013C,0x0050,2068
0x0002,0x019D,0x0001,2069
0x8003,0x0260,0x1000,2070
0x0186,0x0286,0x0186,2072
0x0003,0x019A,0x0003,2073
0x0001,0x028A,0x0001,2074
0x0003,0x018E,0x0009,2075
0x0001,0x018E,0x0002,2076
0x0001,0x0159,0x0051,2077
0x0004,0x0154,0x0004,2078
0x0001,0x0265,0x0001,2079
0x0003,0x019A,0x0003,2080
0x0002,0x0108,0x0034,2081
0x0002,0x0108,0x0034,2082
0x0002,0x0108,0x0035,2083
0x0002,0x0108,0x0035,2084
0x0004,0x0154,0x0002,2085
0x0004,0x0154,0x0003,2086
0x0003,0x0068,0x0009,2087
0x0001,0x0313,0x0001,2089
0x494D,0x0063,0x3033,2093
0x0103,0x0086,0x006F,2095
0x004C,0x0233,0x0002,2097
0x0001,0x0315,0x0001,2098
0x2003,0x0109,0x0308,2099
0x5044,0x0063,0x3038,2100
0x0001,0x0154,0x0301,2101
0x0100,0x0154,0x0400,2102
0x4944,0x0063,0x3131,2103
0x5052,0x0063,0x3033,2104
0x4944,0x0063,0x3038,2105
0x5044,0x0063,0x3039,2106
0x494D,0x0063,0x3034,2108
0x0003,0x0090,0x0642,2109
0x0100,0x0154,0x0101,2110
0x0100,0x0154,0x0201,2111
0x4952,0x0063,0x3035,2112
0x0002,0x018B,0x0001,2113
0x0001,0x0159,0x0051,2114
0x0003,0x0068,0x0006,2115
0x5753,0x014F,0x3535,2116
0x0002,0x0113,0x0036,2117
0x1001,0x010F,0x4000,2119
0x1001,0x010F,0x2000,2120
0x0C02,0x010F,0x4002,2121
0x5044,0x014F,0x3533,2122
0x4944,0x0063,0x3137,2123
0x4953,0x0063,0x3134,2124
0x5052,0x0063,0x3130,2125
0x494D,0x0063,0x3031,2126
0x004C,0x0233,0x0001,2127
0x0003,0x0090,0x4006,2128
0x0003,0x0090,0x0339,2129
0x0102,0x0086,0x0082,2130
0x0001,0x0266,0x0001,2131
0x0F01,0x010F,0x4000,2132
0x0F01,0x010F,0x6000,2133
0x0001,0x0175,0x0301,2134
0x0003,0x0086,0x006F,2135
0x0103,0x0086,0x0084,2136
0x0201,0x0151,0x0001,2137
0x4944,0x0063,0x3135,2138
0x5044,0x0063,0x3033,2139
0x0101,0x0151,0x0001,2140
0x0042,0x018C,0x0007,2141
0x0042,0x018C,0x0007,2142
0x0048,0x0301,0x010F,2143
0x0003,0x019A,0x0003,2144
0x0001,0x0296,0x0001,2145
0x0003,0x019A,0x0003,2146
0x0005,0x0154,0x0001,2147
0x0201,0x000C,0x0008,2148
0x0203,0x0086,0x006F,2149
0x0203,0x0086,0x0084,2150
0x0003,0x0086,0x0084,2151
0x0202,0x0086,0x0082,2152
0x0002,0x0086,0x0082,2153
0x0002,0x018E,0x000B,2156
0x4953,0x0063,0x3034,2157
0x0003,0x021F,0x0002,2158
0x0042,0x018C,0x0007,2159
0x0042,0x018C,0x0007,2160
0x0003,0x0318,0x0001,2163
0x0006,0x014A,0x0001,2164
0x0601,0x011A,0x0901,2165
0x0601,0x011A,0x0903,2166
0x0900,0x0217,0x0002,2167
0x4944,0x0063,0x3039,2168
0x0001,0x017F,0x0001,2169
0x0800,0x0217,0x0002,2170
0x0003,0x0258,0x1088,2171
0x5044,0x0063,0x3039,2172
0x0001,0x0255,0x0001,2173
0x0001,0x0159,0x0054,2174
0x0003,0x027A,0x0088,2175
0x0003,0x0090,0x0541,2176
0x0A01,0x0123,0x0001,2177
0x0001,0x021F,0x0001,2178
0x0003,0x0157,0x0002,2179
0x1001,0x010F,0x3000,2180
0x0702,0x010F,0x1000,2181
0x0003,0x0300,0x0004,2187
0x0003,0x0090,0x0642,2188
0x4953,0x0063,0x3033,2189
0x0500,0x0295,0x0501,2190
0x5052,0x0063,0x3131,2191
0x5052,0x0063,0x3132,2192
0x0001,0x0255,0x0001,2193
0x0003,0x0259,0x0002,2194
0x0003,0x0259,0x0022,2195
0x0001,0x0159,0x0053,2196
0x0001,0x012A,0x0002,2197
0x0001,0x0265,0x0001,2198
0x0001,0x022E,0x0001,2199
0x0002,0x0148,0x0001,2200
0x0002,0x0148,0x0001,2201
0x0002,0x0148,0x0001,2202
0x0003,0x027A,0x0085,2204
0x0101,0x016A,0x0065,2205
0x0003,0x0090,0x0742,2206
0x0001,0x024D,0x0002,2207
0x0103,0x0086,0x0074,2208
0x5044,0x0063,0x3131,2209
0x5044,0x0063,0x3132,2210
0x0093,0x0084,0x0114,2211
0x0003,0x0300,0x0002,2212
0x0004,0x0329,0x0008,2213
0x0003,0x0300,0x0003,2214
0x0004,0x0266,0x0001,2215
0x0001,0x0159,0x0053,2216
0x0004,0x026B,0x0004,2222
0x5448,0x0178,0x3130,2223
0x0042,0x0247,0x0002,2224
0x0003,0x0262,0x0001,2225
0x0002,0x0175,0x0020,2226
0x0002,0x0175,0x0021,2227
0x0004,0x026B,0x0004,2228
0x0006,0x014A,0x0002,2231
0x0102,0x0086,0x0081,2232
0x0202,0x0086,0x0081,2233
0x0002,0x0086,0x0081,2234
0x4952,0x0063,0x3134,2236
0x0003,0x0090,0x0440,2237
0x0003,0x0090,0x0339,2238
0x0003,0x0090,0x0238,2239
0x0001,0x0159,0x0053,2241
0x0111,0x011A,0x0605,2242
0x0001,0x0271,0x1A74,2243
0x0004,0x026B,0x0003,2244
0x0000,0x023F,0x002D,2245
0x0103,0x0086,0x0063,2246
0x0103,0x0086,0x008C,2247
0x2001,0x032B,0x0106,2249
0x2001,0x032B,0x0106,2250
0x0004,0x018E,0x000C,2251
0x0001,0x0159,0x0052,2252
0x0004,0x026B,0x0003,2253
0x0003,0x0300,0x0005,2254
0x0004,0x018E,0x001D,2255
0x0002,0x0214,0x0002,2256
0x0003,0x0201,0x0016,2257
0x0103,0x016A,0x006F,2258
0x0003,0x0201,0x0017,2260
0x0103,0x016A,0x0074,2261
0x0001,0x0167,0x0001,2262
0x0004,0x013C,0x000A,2266
0x0001,0x0265,0x0001,2267
0x0003,0x0090,0x0446,2268
0x0003,0x0300,0x0003,2269
0x0003,0x0300,0x0005,2270
0x0003,0x0300,0x0004,2271
0x0003,0x0300,0x0006,2272
0x0203,0x016A,0x006F,2273
0x0003,0x016A,0x006F,2274
0x0103,0x016A,0x0084,2275
0x0102,0x016A,0x0082,2276
0x0103,0x012A,0x003E,2277
0x1001,0x010F,0x8000,2278
0x0702,0x010F,0x2000,2279
0x0037,0x008C,0x0023,2280
0x0037,0x008C,0x0024,2281
0x5749,0x014F,0x3135,2282
0x0001,0x008C,0x0025,2283
0x0001,0x0333,0x0001,2284
0x0203,0x016A,0x0084,2285
0x0003,0x016A,0x0084,2286
0x0014,0x008C,0x0023,2287
0x0203,0x0086,0x0074,2288
0x0003,0x0086,0x0074,2289
0x0001,0x0271,0x1A73,2290
0x0001,0x0265,0x0003,2291
0x0001,0x031F,0x1030,2292
0x0030,0x0230,0x0001,2293
0x0702,0x010F,0x3000,2294
0x0702,0x010F,0x8000,2295
0x0702,0x010F,0x4000,2296
0x000E,0x0094,0x010E,2297
0x4447,0x0315,0x3034,2299
0x4447,0x0315,0x3033,2300
0x0103,0x016A,0x0079,2301
0x0101,0x0208,0x0007,2302
0x0100,0x0208,0x0007,2303
0x0201,0x0208,0x0006,2304
0x0200,0x0208,0x0006,2305
0x0103,0x0086,0x008B,2306
0x0001,0x0296,0x0002,2307
0x0004,0x0175,0x000A,2308
0x0001,0x0271,0x1A75,2309
0x0002,0x0271,0x1A72,2310
0x0001,0x0160,0x0001,2311
0x0203,0x0086,0x008C,2312
0x0003,0x0086,0x008C,2313
0x0003,0x016A,0x0074,2314
0x8008,0x0260,0x1000,2315
0x0001,0x008C,0x003D,2316
0x0186,0x0286,0x0186,2317
0x0203,0x016A,0x0074,2318
0x0203,0x0086,0x008B,2319
0x0003,0x0086,0x008B,2320
0x8007,0x0260,0x1000,2321
0x8004,0x0260,0x1000,2322
0x0010,0x0222,0x0010,2323
0x0001,0x0172,0x0001,2324
0x0002,0x0240,0x0001,2325
0x0001,0x031F,0x1080,2326
0x0002,0x016A,0x0082,2327
0x0202,0x016A,0x0082,2328
0x0001,0x0160,0x0001,2329
0x0103,0x016A,0x008B,2330
0x0203,0x016A,0x008B,2331
0x0003,0x016A,0x008B,2332
0x0103,0x016A,0x008C,2333
0x0203,0x016A,0x008C,2334
0x0003,0x016A,0x008C,2335
0x1201,0x010F,0x1000,2336
0x0201,0x0285,0x0001,2337
0x0201,0x0285,0x0001,2338
0x0003,0x0273,0x0001,2339
0x0101,0x0208,0x000D,2341
0x201F,0x0131,0x1F20,2346
0x00B7,0x0196,0x0097,2347
0xB111,0x015D,0x1E1C,2348
0x0001,0x0241,0x0001,2349
0x0001,0x0320,0x0001,2350
0x0006,0x0090,0x0642,2351
0xB211,0x0312,0x241C,2352
0xB112,0x0312,0x1F1C,2354
0x0005,0x013C,0x0031,2355
0x0005,0x013C,0x0051,2356
0xB211,0x0312,0x241C,2357
0xB212,0x0312,0x271C,2358
0x0188,0x0286,0x0198,2359
0x0002,0x0166,0x0001,2360
0x0003,0x016A,0x0079,2362
0x4252,0x0178,0x3230,2364
0x0001,0x0265,0x0003,2365
0x0203,0x016A,0x0060,2366
0x0187,0x0286,0x0197,2367
0x0003,0x019D,0x0001,2368
0x0006,0x0090,0x0440,2369
0x5442,0x014F,0x5436,2370
0x0100,0x022D,0x0001,2371
0x4952,0x0063,0x3134,2372
0x0040,0x018B,0x0001,2374
0x0003,0x016A,0x0060,2375
0x0003,0x0159,0x0052,2376
0x0006,0x0090,0x0742,2377
0x0006,0x0090,0x0339,2378
0xB212,0x0312,0x271C,2379
0x0003,0x0293,0x001A,2380
0x0000,0x023F,0x002D,2382
0x0000,0x023F,0x002D,2383
0x0002,0x018B,0x0001,2384
0xB211,0x0312,0x241C,2385
0x0001,0x0160,0x0001,2386
0x0001,0x0160,0x0001,2387
0x4c47,0x0173,0x4c44,2389
0x0104,0x016A,0x0075,2390
0x0042,0x0247,0x0001,2391
0x0004,0x016A,0x0075,2393
0x0204,0x016A,0x0075,2394
0x0014,0x0059,0x0001,2395
0x0013,0x0059,0x0001,2396
0x0003,0x0273,0x0001,2397
0x0002,0x0068,0x0001,2398
0x0003,0x021F,0x0201,2399
0xa55a,0x028c,0x0001,2401
0x0006,0x0129,0x0000,2402
0x0006,0x0129,0x0000,2403
0x5102,0x004F,0x0103,2404
0x0002,0x004F,0x0001,2405
0x0001,0x004F,0x0001,2406
0x0102,0x0086,0x007A,2407
0x0201,0x016A,0x0065,2408
0x0001,0x016A,0x0065,2409
0x0301,0x016A,0x0065,2410
0x0202,0x0086,0x007A,2411
0x5253,0x0010,0x5433,2412
0x0001,0x0131,0x0015,2413
0x0001,0x0131,0x0029,2414
0x0003,0x019A,0x000A,2415
0x0001,0x0131,0x0028,2417
0x0004,0x0154,0x0011,2418
0x0004,0x0131,0x000A,2419
0x0006,0x0131,0x001A,2420
0x0001,0x0131,0x0012,2421
0x0003,0x0300,0x0010,2422
0x0003,0x0300,0x0007,2423
0x0003,0x0300,0x0010,2424
0x0003,0x0300,0x0007,2425
0x0003,0x0300,0x0006,2426
0x0003,0x004F,0x0008,2427
0x0004,0x004F,0x0002,2428
0x0003,0x022c,0x0001,2429
0x0002,0x0131,0x001E,2430
0x0002,0x018E,0x0011,2431
0x0008,0x0131,0x001D,2432
0x0002,0x0131,0x000C,2433
0x0002,0x0131,0x000C,2434
0x0002,0x027E,0x0001,2435
0x0003,0x029F,0x0001,2436
0x0002,0x0086,0x007A,2437
0x0001,0x0171,0x0003,2438
0x8003,0x0129,0x0B00,2439
0x8001,0x0129,0x0B00,2440
0x004E,0x022C,0x0001,2441
0x0002,0x0131,0x001F,2442
0x0003,0x019A,0x000A,2443
0x5001,0x0111,0x6260,2444
0x0100,0x5254,0x8490,2445
0x1101,0x031D,0x0001,2446
0x0000,0x023F,0x002C,2447
0x0000,0x023F,0x002C,2448
0x0000,0x023F,0x002C,2449
0x0000,0x023F,0x002A,2450
0x0000,0x023F,0x002A,2451
0x0000,0x023F,0x002A,2452
0x0000,0x023F,0x002B,2453
0x0000,0x023F,0x002B,2454
0x0000,0x023F,0x002B,2455
0x0002,0x0320,0x0001,2456
0x0043,0x023D,0x0001,2457
0x00A3,0x0084,0x020A,2458
0x2003,0x015D,0xC11C,2459
0xB115,0x0312,0x201C,2460
0xB211,0x0312,0x241C,2461
0x3002,0x032D,0x0006,2462
0x1101,0x031D,0x0001,2464
0x1101,0x031D,0x0001,2465
0x0003,0x0068,0x000B,2466
0x4882,0x029A,0x3032,2467
0xB003,0x0312,0xC11C,2468
0x0000,0x031C,0x0000,2469
0x0001,0x025B,0x0001,2471
0x2018,0x0047,0x1805,2472
0x8003,0x0131,0x1000,2473
0x0801,0x010F,0x8001,2474
0x0001,0x0167,0x0001,2475
0x0001,0x0167,0x0001,2476
0x0002,0x0085,0x0011,2477
0x0007,0x008A,0x0200,2478
0x2021,0x0109,0x2101,2479
0x201F,0x0109,0x1F10,2480
0x0005,0x0154,0x0002,2481
0x0101,0x017F,0x0001,2482
0x0001,0x0337,0x0002,2483
0x0200,0x017F,0x0001,2484
0x0004,0x018E,0x0017,2485
0x0003,0x0287,0x000D,2486
0x0102,0x016A,0x007A,2488
0x0202,0x016A,0x007A,2489
0x0002,0x016A,0x007A,2490
0x0003,0x0201,0x0018,2491
0x0801,0x010F,0xA001,2492
0x0B01,0x010F,0xA002,2493
0x0100,0x017F,0x0001,2494
0x1000,0x5254,0x8141,2495
0x5005,0x032C,0x0002,2496
0x0003,0x0201,0x0019,2497
0x0303,0x0086,0x0079,2498
0x2001,0x0109,0x01A2,2499
0x0201,0x0285,0x0001,2500
0x4952,0x0063,0x3036,2501
0x4952,0x0063,0x3037,2502
0x0100,0x022D,0x0301,2503
0x0003,0x0159,0x0052,2504
0x0003,0x0159,0x0052,2505
0x4944,0x0063,0x3131,2506
0x0201,0x0285,0x0001,2507
0x0201,0x0285,0x0001,2508
0x0001,0x027B,0x0003,2509
0x0001,0x0283,0x0002,2510
0x0302,0x0086,0x0064,2511
0x0303,0x0086,0x0062,2513
0x0302,0x0086,0x0070,2514
0x0303,0x0086,0x0060,2515
0x0003,0x0201,0x001B,2516
0x0101,0x027A,0x000D,2517
0x0003,0x0300,0x0012,2518
0x0A04,0x0086,0x0075,2520
0x0003,0x0201,0x001B,2521
0x0003,0x0201,0x0019,2523
0x0073,0x0084,0x020B,2524
0x5052,0x0063,0x3033,2525
0x4F50,0x0063,0x3032,2526
0x574F,0x014f,0x3535,2527
0x4C42,0x0063,0x3031,2528
0x0304,0x016A,0x0075,2529
0x0005,0x0085,0x0011,2530
0x0042,0x018C,0x0002,2531
0x0042,0x018C,0x0001,2532
0x5052,0x0063,0x3038,2533
0x0001,0x0304,0x0001,2534
0x6600,0x0129,0x0002,2535
0x0002,0x0159,0x0053,2536
0x4952,0x0063,0x3130,2538
0x4952,0x0063,0x3131,2539
0x0003,0x031B,0x0053,2540
0x0001,0x0337,0x0003,2541
0x0001,0x018E,0x0007,2542
0x0003,0x0148,0x0001,2543
0x0201,0x0285,0x0001,2545
0x0003,0x0266,0x0320,2546
0x0027,0x0207,0x0100,2548
0x0003,0x0266,0x0350,2549
0x0003,0x0266,0x0300,2550
0x0005,0x014A,0x0x10,2551
0x0001,0x0159,0x0054,2552
0x0101,0x5254,0x8490,2553
0x4447,0x000C,0x3033,2554
0x0003,0x0201,0x001D,2555
0x0009,0x010E,0x0001,2556
0x4944,0x0063,0x3232,2557
0x5052,0x0063,0x3037,2558
0x4F50,0x0063,0x3033,2559
0x0001,0x023B,0x0001,2560
0x5052,0x0063,0x3130,2561
0x8200,0x5254,0x8131,2562
0x4447,0x000C,0x3034,2563
0xC601,0x0212,0x0001,2564
0x0100,0x022D,0x0001,2565
0x0001,0x0333,0x0001,2566
0x0001,0x017E,0x0002,2567
0x0002,0x013C,0x000C,2568
0x0702,0x010F,0xA000,2570
0x0003,0x0085,0x0011,2571
0x0007,0x0266,0x0001,2572
0x0009,0x013C,0x0022,2573
0x0001,0x0194,0x0001,2574
0x0000,0x0175,0x0001,2575
0x0007,0x0129,0x0001,2576
0x0303,0x016A,0x0074,2577
0x0200,0x0208,0x0012,2578
0x8001,0x0123,0x0001,2579
0x0001,0x013C,0x0015,2580
0x8001,0x0123,0x0002,2581
0x0011,0x0039,0x0008,2583
0x1D03,0x016A,0x0091,2584
0x1301,0x010F,0x1000,2586
0x0001,0x0337,0x0004,2589
0x0007,0x0267,0x0000,2590
0x3011,0x015A,0x0003,2591
0x1D02,0x016A,0x0064,2592
0x0006,0x0266,0x0001,2593
0x0002,0x0002,0x400A,2594
0x0002,0x0002,0x4005,2595
0x0008,0x0129,0x0000,2596
0x0303,0x016A,0x0084,2597
0x0001,0x004F,0x0015,2598
0x0005,0x0266,0x0001,2599
0x0001,0x0364,0x0001,2600
0x0009,0x010E,0x0001,2601
0x0054,0x014d,0x0001,2605
0x4561,0x010B,0x0074,2606
0x1D03,0x016A,0x0062,2607
0x0303,0x016A,0x006F,2608
0x0302,0x016A,0x0082,2609
0x0211,0x015D,0x601C,2610
0x0226,0x015D,0x621C,2611
0x0003,0x0331,0x1D04,2614
0x0001,0x0364,0x0001,2615
0x4153,0x014F,0x3031,2616
0x0003,0x0331,0x1DB1,2617
0x0003,0x0331,0x1D61,2618
0x1D03,0x016A,0x0091,2619
0x0200,0x0300,0x000a,2620
0x0001,0x0333,0x0001,2621
0x1401,0x010F,0x2000,2622
0x0200,0x0300,0x0008,2623
0x0001,0x033F,0x0001,2624
0x0002,0x013C,0x0059,2625
0x5052,0x0063,0x3132,2626
0x0005,0x0085,0x0012,2627
0x0009,0x010E,0x0001,2629
0x0009,0x010E,0x0001,2630
0x0002,0x026F,0x0002,2631
0x0002,0x0167,0x0001,2632
0x0002,0x0068,0x0002,2633
0x3005,0x015A,0x0003,2634
0x4744,0x014F,0x3531,2635
0x0738,0x0127,0x0001,2636
0x0000,0x001A,0x0001,2637
0x0001,0x0337,0x0002,2639
0x0201,0x0208,0x0006,2640
0x0200,0x0208,0x000F,2641
0x0001,0x014d,0x0004,2642
0x4944,0x0063,0x3233,2643
0x0009,0x010E,0x0001,2644
0x0002,0x0175,0x0052,2645
0x0001,0x0060,0x0006,2646
0x0003,0x0152,0x0512,2647
0x0003,0x0152,0x0512,2648
0x0201,0x0208,0x000F,2649
0x0003,0x0148,0x0003,2650
0x0002,0x0060,0x0003,2651
0x000A,0x0060,0x0002,2652
0x1D02,0x016A,0x0070,2653
0x6000,0x015D,0x6000,2654
0x0302,0x016A,0x007A,2655
0x0001,0x0060,0x0005,2656
0x0001,0x0346,0x0101,2657
0xB003,0x015D,0xC11C,2658
0x0004,0x0060,0x000C,2659
0x0043,0x018c,0x0001,2661
0x3007,0x032C,0x0005,2662
0x3003,0x032C,0x0006,2663
0x0301,0x0346,0x0201,2664
0x0201,0x0346,0x0201,2665
0x0401,0x0346,0x0101,2666
0x2001,0x0109,0x01A3,2667
0x0101,0x0346,0x0201,2668
0x0004,0x0267,0x0000,2669
0x0005,0x0267,0x0000,2670
0x2003,0x015D,0xC41C,2672
0x0008,0x0267,0x0000,2673
0x0009,0x0267,0x0000,2674
0x4447,0x000C,0x3035,2675
0x4447,0x000C,0x3036,2676
0x0101,0x016A,0x0065,2677
0x0112,0x0312,0x251C,2678
0x0111,0x0312,0x261C,2679
0x0111,0x0312,0x1E1C,2680
0x5044,0x0039,0x3038,2681
0x0004,0x0262,0x0001,2682
0x0112,0x0312,0x1F1C,2683
0x0102,0x0086,0x0064,2684
0x0738,0x0127,0x0002,2685
0x5052,0x0039,0x3038,2686
0x5052,0x0039,0x3033,2687
0x4F50,0x0039,0x3032,2688
0x4952,0x0039,0x3036,2689
0x4952,0x0039,0x3133,2690
0x0001,0x030F,0x0001,2691
0x0211,0x015D,0x601C,2692
0x0221,0x015D,0x611C,2693
0x0A02,0x0086,0x0064,2694
0x0202,0x0086,0x0064,2695
0x0003,0x0201,0x0021,2697
0x0015,0x0059,0x0001,2698
0x8005,0x0131,0x1000,2699
0x0003,0x0201,0x0022,2701
0x0004,0x0364,0x0001,2702
0x0005,0x0364,0x0001,2703
0x0003,0x0330,0xa10d,2704
0x0002,0x0364,0x0001,2705
0x0003,0x0364,0x0001,2708
0x8004,0x0131,0x1000,2709
0x8002,0x0131,0x1000,2710
0x3003,0x032C,0x0007,2711
0x0003,0x0131,0x0006,2712
0x0401,0x022D,0x0101,2713
0x0002,0x0086,0x0064,2714
0x0003,0x0131,0x0006,2715
0x0033,0x0131,0x1082,2717
0x0003,0x0348,0x0001,2718
0x759e,0x0189,0x6aff,2720
0x0003,0x024F,0x1002,2721
0x0200,0x0300,0x000B,2722
0x0003,0x0131,0x0082,2723
0x4944,0x0039,0x3038,2724
0x4944,0x0039,0x3131,2725
0x4952,0x0039,0x3037,2726
0x4944,0x0039,0x3130,2727
0x5044,0x0039,0x3033,2728
0x0201,0x000C,0x0009,2729
0x0403,0x010F,0x1000,2730
0x0203,0x010F,0x1000,2731
0x4952,0x0063,0x3133,2732
0x0002,0x0348,0x0001,2733
0x000A,0x0060,0x0002,2734
0x0201,0x000C,0x000A,2735
0x0009,0x010E,0x0002,2736
0x0003,0x019A,0x000A,2737
0x0103,0x016A,0x00A9,2738
0x201A,0x0109,0x1A06,2741
0x0B01,0x010F,0x2002,2742
0x0006,0x0129,0x0001,2743
0x00eb,0x028c,0xeb20,2744
0x0003,0x0131,0x1089,2746
0x0003,0x0131,0x1090,2747
0x2003,0x0312,0xC41C,2748
0x0003,0x034C,0x0002,2749
0x0403,0x010F,0x2000,2750
0x0203,0x010F,0x2000,2751
0x0403,0x010F,0x3000,2752
0x0203,0x010F,0x3000,2753
0x1214,0x0149,0x0600,2754
0x0003,0x019A,0x000A,2755
0x0003,0x034C,0x0001,2756
0x1D02,0x016A,0x007A,2758
0x021A,0x0330,0xD002,2759
0x3001,0x0047,0x0B01,2760
0x0001,0x0348,0x0001,2761
0x0801,0x010F,0x1001,2762
0x0801,0x010F,0x2001,2763
0x1D03,0x016A,0x006F,2765
0x1D04,0x016A,0x0076,2766
0x1D02,0x016A,0x0082,2767
0x1D03,0x016A,0x0079,2768
0x0003,0x033A,0x0101,2769
0x0A02,0x0086,0x0070,2770
0x0201,0x0330,0xD002,2772
0x0200,0x0330,0xD002,2773
0x0002,0x0060,0x0003,2774
0x0201,0x0208,0x0008,2775
0x0001,0x0060,0x0006,2776
0x0004,0x0060,0x000C,2777
0x0003,0x033A,0x0100,2778
0x0001,0x0337,0x0005,2779
0x0003,0x0373,0x0001,2780
0x0006,0x014A,0x0003,2781
0x4561,0x010B,0x0088,2782
0x0006,0x014A,0x0005,2783
0x0001,0x027E,0x0001,2784
0x0001,0x0311,0x0201,2785
0x0001,0x0377,0x0001,2786
0x4561,0x010B,0x0087,2787
0x0003,0x0361,0x0008,2788
0x0001,0x034B,0x0001,2789
0x0B01,0x010F,0x1002,2791
0x0004,0x001E,0x0001,2794
0x0002,0x0159,0x0052,2795
0x2001,0x0370,0x01A1,2796
0x2001,0x0370,0x0106,2797
0x0004,0x0364,0x0001,2798
0x0003,0x0131,0x0512,2799
0x0005,0x0364,0x0001,2800
0x0003,0x0364,0x0001,2801
0x0002,0x0364,0x0001,2802
0x4447,0x0315,0x3033,2803
0x0002,0x002C,0x0007,2804
0x2022,0x0370,0x2201,2805
0x0002,0x0068,0x0001,2806
0x0001,0x0299,0x1645,2807
0x4447,0x0315,0x3034,2808
0x4744,0x0315,0x3032,2809
0x4447,0x0315,0x3031,2810
0x0102,0x0371,0x0004,2811
0x0001,0x037B,0x0001,2812
0x0200,0x0300,0x000B,2813
0x0002,0x0085,0x0011,2814
0x0109,0x5254,0x8490,2815
0x0002,0x0371,0x0004,2816
0x0102,0x0371,0x0003,2817
0x0602,0x010F,0x1003,2818
0x4D43,0x026e,0x5A31,2819
0x0002,0x0371,0x0003,2820
0x0A02,0x037C,0x0064,2821
0x2001,0x0109,0x0106,2823
0x0001,0x0331,0x1001,2825
0x0001,0x030C,0xA101,2826
0x0003,0x019A,0x0003,2827
0x0003,0x021F,0x0201,2829
0x0003,0x021F,0x0201,2830
0x0001,0x0039,0x0008,2831
0x0002,0x0311,0x0202,2832
0x0002,0x013C,0x000D,2833
0x0002,0x013C,0x001F,2834
0x0002,0x013C,0x001E,2835
0x0102,0x010F,0x2000,2836
0x0C02,0x010F,0x1003,2837
0x0001,0x0175,0x0051,2838
0x0002,0x013C,0x000E,2839
0x0003,0x0371,0x0001,2840
0x1009,0x5254,0x8180,2841
0x0003,0x0154,0x000A,2842
0x0103,0x0371,0x0001,2843
0x0200,0x0208,0x0008,2844
0x000A,0x0267,0x0000,2845
0x0003,0x029F,0x0001,2846
0x0200,0x0300,0x0008,2847
0x0200,0x0300,0x000a,2848
0x0003,0x0068,0x0014,2849
0x2022,0x0109,0x2202,2850
0x0003,0x0131,0x0512,2851
0x4761,0x010B,0x0069,2852
0x0003,0x024F,0x1003,2853
0x1701,0x010F,0x2000,2854
0x0003,0x0201,0x0023,2855
0x0003,0x024F,0x1012,2856
0x0003,0x024F,0x1011,2857
0x0003,0x024F,0x1013,2858
0x0003,0x024F,0x1010,2859
0x0002,0x013C,0x000D,2860
0x0103,0x030A,0x0090,2862
0x0006,0x014A,0x0004,2863
0x0006,0x014A,0x0006,2864
0x0001,0x0280,0x0001,2865
0x0002,0x013C,0x001E,2868
0x0002,0x0348,0x0002,2869
0x0002,0x0348,0x0003,2870
0x0002,0x0348,0x0004,2871
0x0002,0x013C,0x000E,2872
0x4447,0x000C,0x3034,2874
0x0002,0x013C,0x001F,2875
0x0109,0x037C,0x8490,2876
0x0001,0x0333,0x0001,2877
0x0003,0x0201,0x0024,2878
0x0003,0x0201,0x001E,2879
0x0103,0x0371,0x0002,2880
0x0003,0x0371,0x0002,2881
0x0005,0x0085,0x0012,2883
0x0002,0x0085,0x0011,2884
0x0005,0x0085,0x0012,2885
0x0005,0x0085,0x0012,2886
0x0005,0x0085,0x0012,2887
0x0003,0x0085,0x0011,2888
0x0003,0x0384,0x0003,2889
0x0012,0x0060,0x0001,2890
0x0003,0x0176,0x0003,2892
0x0011,0x0039,0x0008,2893
0x4447,0x000C,0x3033,2894
0x0001,0x0299,0x157C,2895
0x0003,0x034F,0x0001,2896
0x0001,0x0299,0x15E0,2897
0x0002,0x0371,0x0005,2898
0x1801,0x010F,0x1000,2899
0x0702,0x015F,0x5102,2900
0x2009,0x0109,0x0908,2901
0x0301,0x0330,0xa101,2902
0x0103,0x0086,0x008D,2903
0x4744,0x014F,0x3531,2904
0x0002,0x037B,0x0001,2905
0x0200,0x0384,0x000a,2906
0x0203,0x0086,0x008D,2907
0x031A,0x0330,0xa10d,2908
0x0200,0x0384,0x0008,2909
0x0200,0x0300,0x0009,2910
0x8014,0x0129,0x1600,2911
0x4744,0x012A,0x3032,2912
0x0005,0x013C,0x0051,2913
0x0001,0x013C,0x0015,2914
0x0002,0x013C,0x0036,2915
0x0200,0x0330,0xD005,2918
0x0102,0x0371,0x0005,2919
0x0202,0x0371,0x0005,2920
0x0001,0x0224,0x0001,2921
0x0301,0x0330,0xa105,2922
0x021A,0x0330,0xD005,2923
0x0201,0x0330,0xD005,2924
0x8014,0x0129,0x1604,2925
0x0103,0x030A,0x0090,2926
0x0004,0x014A,0x0002,2927
0x0004,0x014A,0x0001,2928
0x0005,0x014A,0x0010,2929
0x4843,0x0063,0x3133,2930
0x0003,0x0167,0x0001,2932
0x0004,0x0094,0x0104,2933
0x0200,0x0258,0x1025,2934
0x0005,0x037C,0x0063,2935
0x0001,0x037C,0x006C,2937
0x5438,0x008B,0x3235,2938
0x4F44,0x0063,0x3032,2939
0x0002,0x037C,0x0036,2940
0x0003,0x019A,0x000A,2941
0x0003,0x019A,0x000A,2942
0x0200,0x0384,0x0009,2943
0x0300,0x0330,0xa107,2945
0x031A,0x0330,0xa107,2946
0x0201,0x000C,0x000B,2947
0x0003,0x0068,0x0015,2948
0x0301,0x0330,0xA109,2949
0x0300,0x0330,0xa103,2950
0x8009,0x0260,0x1000,2951
0x0003,0x0201,0x0024,2952
0x0003,0x0086,0x008D,2953
0x8008,0x0129,0x0A00,2954
0x0003,0x0154,0x1002,2955
0x0248,0x0002,0xA010,2956
0x0203,0x000C,0x0001,2957
0x0201,0x000C,0x0008,2958
0x031A,0x0330,0xa103,2959
0x0201,0x027A,0x0006,2960
0x4843,0x0063,0x0037,2961
0x0003,0x0175,0x0052,2962
0x0001,0x0280,0x0001,2963
0x0003,0x013c,0x0054,2964
0x0100,0x0369,0x0101,2965
0x8007,0x0129,0x0A00,2966
0x8008,0x0129,0x0A00,2967
0x0200,0x0299,0x0008,2968
0x0001,0x0060,0x0006,2970
0x1301,0x010F,0x1000,2971
0x0001,0x0369,0x0001,2972
0x5052,0x0063,0x3039,2973
0x0001,0x0366,0x0001,2974
0x0003,0x0159,0x0053,2976
0x8007,0x0129,0x0A00,2977
0x8008,0x0129,0x0A00,2978
0x4761,0x010B,0x0082,2979
0x4761,0x010B,0x0084,2980
0x8007,0x0129,0x0A00,2981
0x8007,0x0129,0x0A00,2982
0x8008,0x0129,0x0A00,2983
0x0003,0x021F,0x0108,2984
0x0002,0x0060,0x0003,2985
0x0001,0x0280,0x0001,2986
0x000A,0x013C,0x0069,2987
0x0003,0x0166,0x0001,2988
0x454D,0x0010,0x3530,2990
0x4138,0x008B,0x3235,2991
0x2005,0x0109,0x0518,2992
0x0002,0x037B,0x0001,2993
0x0001,0x038E,0x0001,2995
0x0001,0x0392,0x0001,2998
0x4561,0x010B,0x0089,2999
0x1201,0x010F,0x1001,3000
0x8010,0x0260,0x1000,3001
0x5438,0x008B,0x3535,3004
0x4138,0x008B,0x3535,3005
0x8002,0x0260,0x1000,3006
0x0200,0x0384,0x000B,3007
0x0001,0x0299,0x157C,3008
0x0001,0x0299,0x189C,3009
0x0002,0x0271,0x19FB,3010
0x220A,0x015F,0x5101,3011
0x8007,0x0260,0x1000,3015
0x0168,0x0260,0x0168,3016
0x8006,0x0260,0x1000,3017
0x0007,0x0159,0x0052,3018
0x0009,0x0090,0x0238,3019
0x0801,0x0140,0x1001,3022
0x0802,0x0140,0x1002,3023
0x0803,0x0140,0x1003,3024
0x0101,0x0208,0x001B,3025
0x8001,0x0260,0x1001,3026
0x8004,0x0260,0x1000,3027
0x0001,0x003B,0x0468,3028
0x0002,0x037B,0x0001,3029
0x0002,0x037B,0x0001,3030
0x4447,0x012A,0x3031,3032
0x0007,0x0150,0x0020,3035
0x5352,0x001A,0x0504,3037
0x534C,0x001A,0x0503,3038
0x5244,0x001A,0x0505,3039
0x0001,0x0364,0x0001,3040
0x0001,0x0364,0x0001,3041
0x0604,0x015F,0x5101,3042
0x0004,0x0262,0x0002,3044
0x0003,0x0131,0x1083,3046
0x0007,0x0150,0x0020,3047
0x5010,0x021c,0x1001,3048
0x0202,0x0315,0x0001,3049
0x0202,0x000C,0x0001,3050
0x0059,0x0233,0x0001,3051
0x000B,0x0094,0x010B,3052
0x0003,0x0403,0x0000,3053
0x4843,0x0063,0x3031,3054
0x4843,0x0063,0x3033,3055
0x4843,0x0063,0x3035,3056
0x4753,0x0398,0x07EA,3057
0x0007,0x0150,0x001F,3058
0x0002,0x037B,0x0001,3060
0x0002,0x037B,0x0001,3061
0x0002,0x037B,0x0001,3062
0x0002,0x037B,0x0001,3063
0x0002,0x037B,0x0001,3064
0x0003,0x019B,0x0202,3065
0x0003,0x0371,0x00B4,3067
0x0200,0x0258,0x1028,3069
0x0009,0x0090,0x0238,3070
0x0301,0x0151,0x0001,3071
0x0001,0x040D,0x0003,3072
0x0002,0x025B,0x0001,3073
0x0003,0x040D,0x0001,3074
0x0103,0x0086,0x008D,3075
0x000A,0x0060,0x0002,3076
0x0001,0x0060,0x0005,3077
0x000C,0x0060,0x0003,3078
0x0001,0x0374,0x0001,3079
0x0001,0x018E,0x0001,3080
0x0001,0x027A,0x0005,3081
0x0200,0x0300,0x0009,3082
0x0003,0x0364,0x0001,3083
0x0008,0x0201,0x0026,3084
0x0002,0x0364,0x0001,3085
0x0005,0x0364,0x0001,3086
0x0001,0x0345,0x0001,3087
0x0008,0x0201,0x0027,3088
0x0002,0x0403,0x0003,3089
0x0002,0x0403,0x0000,3090
0x0002,0x0403,0x0002,3091
0x0001,0x012A,0x0002,3092
0x0103,0x0086,0x0060,3093
0x0903,0x0086,0x0084,3097
0x0903,0x0086,0x0074,3098
0x0003,0x0201,0x0025,3100
0x0003,0x0090,0x1541,3101
0x0003,0x019B,0x020A,3102
0x0001,0x0299,0x1838,3103
0x0003,0x0086,0x0060,3104
0x0003,0x0090,0x0446,3105
0x0001,0x0133,0x0001,3106
0x0003,0x0293,0x0113,3107
0x0003,0x0293,0x441A,3109
0x5053,0x014F,0x3531,3110
0x5044,0x014F,0x3533,3111
0x0303,0x0086,0x006F,3112
0x0001,0x0156,0x0002,3113
0x800C,0x0129,0x0F00,3114
0x4953,0x0063,0x3139,3115
0x000C,0x027A,0x0003,3116
0x0002,0x0403,0x0001,3118
0x0203,0x0086,0x0060,3119
0xA000,0x0312,0xA001,3120
0x0102,0x5254,0x8290,3121
0x0001,0x0402,0x0001,3122
0x0003,0x0262,0x0004,3123
0x0003,0x0068,0x0016,3124
0xA000,0x0312,0xA002,3125
0x0004,0x0060,0x000B,3126
0xA000,0x0312,0xA003,3127
0xA000,0x0312,0xA004,3128
0x800B,0x0129,0x0F00,3129
0x0001,0x003B,0x0469,3130
0x0003,0x0293,0x4410,3131
0x0303,0x0086,0x008D,3132
0x0013,0x0349,0x3700,3133
0x0003,0x0293,0x4411,3134
0x0003,0x0262,0x0003,3135
0x0003,0x0403,0x0002,3136
0x0003,0x0403,0x0001,3137
0x000C,0x0060,0x0003,3138
0x0004,0x0060,0x000D,3139
0x0001,0x0265,0x0004,3140
0x0005,0x013C,0x0060,3142
0x0303,0x0086,0x008C,3143
0x0003,0x0403,0x0003,3144
0x0303,0x0086,0x008B,3145
0x0002,0x0159,0x0054,3146
0xA000,0x027A,0xA001,3147
0xA000,0x0312,0xA002,3148
0x0302,0x0086,0x0078,3149
0x0001,0x0364,0x0001,3151
0x4449,0x001A,0x0501,3152
0x0302,0x0086,0x0082,3153
0x4441,0x001A,0x0502,3157
0xA000,0x027A,0xA004,3158
0x0bb9,0x015B,0x0bb9,3159
0x0501,0x0346,0x0101,3160
0x0601,0x0346,0x0101,3161
0x0001,0x013C,0x0029,3162
0x0001,0x013C,0x0029,3164
0x8012,0x0260,0x1000,3165
0x0003,0x0151,0x0003,3166
0x060A,0x039F,0x0021,3167
0x0001,0x013C,0x0029,3168
0x060A,0x039F,0x0022,3169
0x803A,0x0129,0x0508,3170
0x0007,0x0150,0x002A,3171
0x0002,0x0374,0x0001,3172
0x8005,0x0260,0x1000,3174
0x0001,0x0358,0x0001,3175
0x000A,0x0094,0x010A,3176
0x0005,0x013C,0x0060,3180
0x0005,0x013C,0x0060,3181
0x0005,0x013C,0x0060,3182
0x0303,0x010F,0x1000,3183
0x0027,0x0207,0x0100,3184
0x0027,0x0207,0x0100,3185
0x0001,0x0403,0x0001,3186
0x0053,0x001A,0x0050,3187
0x4953,0x0063,0x3235,3188
0x0042,0x001A,0x0053,3189
0x0006,0x0190,0x0001,3190
0x0003,0x037B,0x0001,3191
0xA000,0x027A,0xA003,3192
0x1701,0x010F,0xA000,3193
0x1301,0x010F,0x1000,3194
0x0502,0x010F,0x1000,3195
0x202A,0x0109,0x2A01,3196
0x0001,0x008C,0x0025,3197
0x0001,0x008C,0x0023,3198
0x0001,0x008C,0x0024,3199
0x0001,0x0112,0x0001,3200
0x0100,0x0208,0x0019,3202
0x0003,0x0201,0x0023,3203
0x0003,0x0418,0x0001,3204
0x0003,0x0293,0x4410,3205
0x0102,0x013C,0x8290,3206
0x0003,0x0293,0x4410,3208
0x0054,0x014d,0x0001,3209
0x8002,0x0129,0x0600,3211
0x0001,0x0337,0x0005,3213
0x000B,0x0094,0x010B,3214
0x1C02,0x0371,0x0005,3216
0x0009,0x010E,0x0001,3217
0x0103,0x0371,0x00A2,3218
0x0A02,0x016A,0x0061,3219
0x1F01,0x010F,0x1000,3220
0x1C02,0x0086,0x0070,3221
0x0801,0x0346,0x0101,3222
0x1C04,0x0086,0x0075,3223
0x0004,0x018B,0x0001,3225
0x0001,0x036F,0x0001,3226
0xC600,0x0129,0x0300,3227
0x0003,0x0293,0x4412,3228
0x0003,0x0293,0x4413,3229
0x0005,0x0409,0x0003,3230
0x0003,0x0293,0x4414,3231
0x0003,0x0293,0x4411,3232
0x0001,0x034E,0x0005,3234
0x0001,0x0353,0x0001,3235
0x4000,0x0419,0xC001,3236
0x0001,0x0407,0x0001,3238
0x8004,0x0129,0x0600,3239
0x0003,0x018E,0x000E,3240
0x1214,0x0149,0x0700,3241
0x0001,0x0299,0x0001,3242
0x0003,0x0374,0x0001,3243
0x1D01,0x010F,0x1000,3245
0x0004,0x018E,0x0005,3246
0x1C02,0x0371,0x0003,3247
0x0003,0x0068,0x0014,3248
0x0004,0x0154,0x0014,3249
0x0003,0x019A,0x000A,3250
0x8002,0x0129,0x1000,3251
0xA000,0x0312,0xA007,3252
0x0003,0x0391,0x0024,3254
0x0001,0x034E,0x0004,3255
0x1B01,0x010F,0x1000,3256
0x1C01,0x010F,0x1000,3257
0x0007,0x0267,0x0000,3258
0x0003,0x019A,0x000A,3259
0x8004,0x0129,0x1000,3260
0x0003,0x019B,0x2200,3261
0x8006,0x041C,0x1000,3262
0x0001,0x012A,0x0003,3263
0x0902,0x0086,0x0082,3264
0x0903,0x0086,0x004E,3265
0x800B,0x0129,0x0F00,3266
0x800C,0x0129,0x0F00,3267
0x0902,0x0371,0x0003,3268
0x0903,0x0086,0x008D,3269
0x0001,0x017c,0x000a,3270
0x8161,0x010A,0x2062,3271
0x0301,0x0300,0x0026,3274
0x8001,0x041C,0x1000,3275
0x0004,0x0267,0x0000,3276
0x0303,0x010F,0x1000,3278
0x0001,0x0267,0x0000,3279
0x0009,0x0267,0x0000,3281
0x0008,0x0267,0x0000,3282
0x0005,0x0267,0x0000,3283
0x0103,0x0371,0x00A4,3284
0x0502,0x010F,0x1000,3285
0x0009,0x0267,0x0000,3286
0x0059,0x018C,0x0001,3287
0x0004,0x018B,0x0002,3290
0x0203,0x0371,0x00A2,3291
0x0003,0x0371,0x00A2,3292
0x0F01,0x010F,0xA000,3293
0x0001,0x0415,0x0001,3294
0x0009,0x010E,0x0001,3295
0x0003,0x019A,0x0003,3296
0x0003,0x019A,0x0003,3297
0x0012,0x0094,0x0112,3298
0x8002,0x0129,0x0600,3299
0x0203,0x0371,0x00A4,3300
0x0003,0x0371,0x00A4,3301
0x0001,0x0353,0x0001,3306
0x0001,0x0353,0x0001,3307
0x0001,0x0407,0x0001,3308
0x0001,0x034E,0x0007,3310
0x0009,0x010E,0x0001,3311
0x0009,0x010E,0x0001,3312
0x0001,0x0167,0x0001,3313
0x0058,0x018C,0x0001,3314
0x0057,0x018C,0x0001,3315
0x0003,0x0293,0x4412,3316
0x4952,0x0063,0x3135,3317
0x0003,0x0293,0x4412,3318
0x0003,0x0293,0x4413,3319
0x0003,0x0293,0x4413,3320
0x0003,0x0293,0x4414,3321
0x0003,0x0293,0x4414,3322
0x4944,0x0063,0x3235,3323
0x0003,0x021D,0x0001,3324
0x0201,0x0330,0xD00C,3325
0x0003,0x0293,0x4411,3326
0x0B01,0x010F,0x1003,3327
0x0003,0x0148,0x0004,3328
0x0001,0x0412,0x0001,3329
0x0009,0x0090,0x0642,3330
0x0200,0x0330,0xD00C,3331
0x0201,0x0330,0xD00F,3332
0x0200,0x0330,0xD00F,3333
0x0300,0x0330,0xa305,3334
0x0200,0x0413,0x0002,3335
0x0801,0x010F,0x1002,3336
0x0009,0x010E,0x0001,3337
0x0009,0x010E,0x0001,3338
0x0009,0x010E,0x0001,3339
0x0009,0x010E,0x0001,3340
0x0201,0x0330,0xD00D,3341
0x0200,0x0330,0xD00D,3342
0x0103,0x030A,0x0090,3343
0x021a,0x0413,0x0002,3344
0x0004,0x0154,0x0007,3345
0x0003,0x019A,0x000A,3346
0x0003,0x019A,0x000A,3347
0x4952,0x0063,0x3139,3349
0x4952,0x0063,0x3137,3350
0x4952,0x0063,0x3231,3351
0x4944,0x0063,0x3237,3352
0x0009,0x0090,0x0642,3353
0x0100,0x022D,0x0001,3354
0x0B01,0x010F,0xA003,3355
0x0003,0x0201,0x0033,3356
0x4952,0x0063,0x3136,3357
0x4944,0x0063,0x3236,3358
0x4952,0x0063,0x3138,3359
0x4944,0x0063,0x3238,3360
0x8007,0x041C,0x1000,3361
0x000A,0x0060,0x0003,3363
0x0168,0x041C,0x0168,3364
0x8002,0x041C,0x1000,3365
0x0001,0x0060,0x0004,3366
0x0003,0x019A,0x0003,3369
0x0003,0x019A,0x000A,3370
0x0003,0x0403,0x0006,3372
0x0003,0x021D,0x0002,3373
0x0001,0x034E,0x0008,3374
0x1A01,0x010F,0x1000,3375
0x202A,0x0109,0x2A01,3376
0xC000,0x0312,0xC003,3377
0x0B01,0x010F,0x2003,3378
0x0801,0x010F,0x2002,3379
0x0001,0x034E,0x0004,3380
0x0001,0x0159,0x0055,3381
0x4000,0x0312,0x0F1C,3383
0x2003,0x0312,0xB31C,3384
0x2003,0x0312,0xB51C,3385
0xE000,0x0312,0xE004,3386
0x0004,0x0374,0x0001,3387
0x0003,0x019A,0x0003,3388
0x0003,0x019A,0x0003,3389
0x0003,0x019A,0x000A,3390
0x0003,0x019A,0x000A,3391
0x1C01,0x010F,0x1000,3392
0x1A01,0x010F,0x1000,3393
0x1F01,0x010F,0x1000,3394
0x1B01,0x010F,0x1000,3395
0x1D01,0x010F,0x1000,3396
0x0003,0x0426,0x0001,3397
0x0300,0x0300,0x0026,3398
0x0003,0x0234,0x0121,3399
0x4952,0x0039,0x3137,3400
0x8002,0x0129,0x0600,3401
0xFF00,0x0312,0xFF03,3402
0xFF00,0x0312,0xFF04,3403
0xFF00,0x0312,0xFF01,3404
0xFF00,0x0312,0xFF02,3405
0xFF00,0x0312,0xFF05,3406
0x4F50,0x0063,0x3035,3407
0x4F50,0x0063,0x3034,3408
0x0200,0x0258,0x102B,3409
0x0007,0x0159,0x0054,3411
0x1005,0x0109,0x0501,3417
0x8002,0x0129,0x0600,3418
0x0001,0x034E,0x0100,3420
0x0003,0x019A,0x0003,3426
0x0003,0x019A,0x0003,3427
0x0003,0x019A,0x0003,3428
0x0003,0x019A,0x0003,3429
0x0003,0x019A,0x0003,3430
0x0003,0x019A,0x000A,3431
0x0003,0x019A,0x000A,3432
0x0003,0x019A,0x000A,3433
0x0003,0x019A,0x000A,3434
0x0003,0x019A,0x000A,3435
0x0003,0x0371,0x00AF,3437
0x0001,0x031E,0x0001,3438
0x800E,0x0129,0x1200,3439
0x4000,0x0419,0xC002,3440
0x0001,0x042F,0x0001,3441
0x0003,0x031E,0x0001,3442
0x0001,0x0427,0x0001,3443
0x803B,0x0129,0x0508,3446
0x0C02,0x010F,0x2003,3447
0x800E,0x0129,0x1200,3448
0xC700,0x0129,0x0005,3449
0x0003,0x0373,0x0001,3450
0x0002,0x031E,0x0001,3451
0x0004,0x031E,0x0001,3452
0x0001,0x003B,0x0469,3453
0xA803,0x015F,0x135A,3456
0x8009,0x0129,0x0C00,3458
0x0005,0x0363,0x0005,3461
0x0002,0x013C,0x006A,3462
0x800A,0x0129,0x0C00,3463
0x5442,0x0010,0x543A,3464
0x0001,0x040F,0x0001,3465
0x0B01,0x010F,0x2003,3466
0x0801,0x010F,0x2002,3467
0x0801,0x010F,0x4002,3468
0x0000,0x0371,0x0007,3472
0x0001,0x0411,0x2111,3474
0x0C02,0x010F,0x9003,3475
0x4F50,0x0039,0x3034,3476
0x0C02,0x010F,0x7003,3477
0x0C02,0x010F,0xB003,3478
0x0C02,0x010F,0x3003,3479
0x0C02,0x010F,0xA003,3480
0x0C02,0x010F,0x6003,3481
0x0C02,0x010F,0x4003,3482
0x0F01,0x010F,0x9000,3483
0x0F01,0x010F,0x7000,3484
0x0F01,0x010F,0x8000,3485
0x0F01,0x010F,0xB000,3486
0x0602,0x010F,0x3003,3487
0x0602,0x010F,0x8003,3488
0x0602,0x010F,0x6003,3489
0x0602,0x010F,0x7003,3490
0x0602,0x010F,0xB003,3491
0x0602,0x010F,0x4003,3492
0x1001,0x010F,0x9000,3494
0x1001,0x010F,0x7000,3495
0x1001,0x010F,0xA000,3496
0x1001,0x010F,0x6000,3497
0x1001,0x010F,0xB000,3498
0x0702,0x010F,0x9000,3499
0x0702,0x010F,0x6000,3500
0x0702,0x010F,0x7000,3501
0x0702,0x010F,0xB000,3502
0x0B01,0x010F,0x3003,3503
0x0B01,0x010F,0x8003,3504
0x0B01,0x010F,0x9003,3505
0x0B01,0x010F,0x6003,3506
0x0B01,0x010F,0x7003,3507
0x0B01,0x010F,0xB003,3508
0x0B01,0x010F,0x4003,3509
0x0B01,0x010F,0x1003,3510
0x0B01,0x010F,0xA003,3511
0x0801,0x010F,0x3002,3512
0x0801,0x010F,0x3002,3513
0x0801,0x010F,0x9002,3514
0x0801,0x010F,0x9002,3515
0x0801,0x010F,0x6002,3516
0x0801,0x010F,0x6002,3517
0x0801,0x010F,0x7002,3518
0x0801,0x010F,0x7002,3519
0x0801,0x010F,0xB002,3520
0x0801,0x010F,0xB002,3521
0x0801,0x010F,0x4002,3522
0x0801,0x010F,0x8002,3523
0x0801,0x010F,0xA002,3524
0x0801,0x010F,0x1002,3525
0x0801,0x010F,0xA002,3526
0x0801,0x010F,0x8002,3527
0x1201,0x010F,0x1001,3528
0x1201,0x010F,0x8001,3529
0x1201,0x010F,0x9001,3530
0x1201,0x010F,0x6001,3531
0x1201,0x010F,0x7001,3532
0x1201,0x010F,0x4001,3533
0x0203,0x010F,0x8000,3534
0x0203,0x010F,0x9000,3535
0x0203,0x010F,0x6000,3536
0x0203,0x010F,0x7000,3537
0x0203,0x010F,0xA000,3538
0x0203,0x010F,0xB000,3539
0x0203,0x010F,0x4000,3540
0x0102,0x010F,0x3000,3541
0x0102,0x010F,0x8000,3542
0x0102,0x010F,0x9000,3543
0x0102,0x010F,0x7000,3544
0x0102,0x010F,0x6000,3545
0x0102,0x010F,0xA000,3546
0x0102,0x010F,0xB000,3547
0x0102,0x010F,0x4000,3548
0x0102,0x010F,0x2000,3549
0x0403,0x010F,0x8000,3550
0x0403,0x010F,0x9000,3551
0x0403,0x010F,0x6000,3552
0x0403,0x010F,0x7000,3553
0x0403,0x010F,0xA000,3554
0x0403,0x010F,0xB000,3555
0x0403,0x010F,0x4000,3556
0x0001,0x0413,0x0001,3557
0x0D01,0x010F,0x2000,3558
0x0D01,0x010F,0x8000,3559
0x0D01,0x010F,0x6000,3560
0x0D01,0x010F,0x4000,3561
0x0D01,0x010F,0x9000,3562
0x0D01,0x010F,0xB000,3563
0x0D01,0x010F,0x7000,3564
0x0D01,0x010F,0xA000,3565
0x0D01,0x010F,0x3000,3566
0x0D01,0x010F,0x1000,3567
0x0001,0x0265,0x0009,3568
0x0001,0x041E,0x0001,3569
0x0001,0x0427,0x0002,3570
0x0005,0x0214,0x0003,3571
0x2005,0x0109,0x05A0,3572
0x0202,0x0371,0x0007,3573
0x0102,0x0371,0x0007,3574
0x0101,0x0346,0x0201,3575
0x0202,0x0431,0x0001,3576
0x202A,0x042A,0x2A01,3577
0x0002,0x0265,0x0009,3578
0x8002,0x0260,0x1001,3579
0x0100,0x041A,0x0001,3580
0x1301,0x010F,0x1001,3581
0x0001,0x011B,0x0001,3582
0x2022,0x042A,0x2202,3583
0x0001,0x0415,0x0002,3585
0x0100,0x041A,0x0002,3586
0x0100,0x041A,0x0003,3587
0xC801,0x0098,0x0024,3588
0x0902,0x010F,0x1000,3589
0x0003,0x0265,0x0009,3590
0x0007,0x0190,0x0002,3591
0x8200,0x5254,0x8131,3593
0x0003,0x018E,0x0012,3594
0x0300,0x019B,0xa305,3595
0x0001,0x0432,0x0001,3596
0xAA00,0x0312,0xAA01,3597
0x0005,0x0159,0x0054,3598
0x4952,0x0039,0x3135,3599
0x4944,0x0039,0x3235,3600
0x4944,0x0039,0x3237,3601
0xA000,0x0312,0xAA02,3602
0x0001,0x013C,0x0073,3603
0xA000,0x0312,0xA001,3604
0x1801,0x010F,0x1000,3605
0x1501,0x010F,0x1000,3606
0x0001,0x0374,0x0081,3607
0x0303,0x010F,0xB000,3608
0xFF01,0x0312,0xFF03,3609
0xFF01,0x0312,0xFF04,3610
0x000C,0x013C,0x0074,3611
0x0005,0x031E,0x0001,3613
0x0006,0x031E,0x0001,3614
0xA000,0x0312,0xA002,3615
0x0104,0x0371,0x00BD,3616
0x0001,0x0408,0x0073,3618
0x000B,0x013C,0x0058,3619
0x0002,0x0371,0x00BB,3620
0x1000,0x5254,0x8141,3621
0x0003,0x0234,0x0124,3623
0x0001,0x041B,0x0004,3624
0x0060,0x022C,0x0001,3625
0x0002,0x0371,0x0015,3627
0xFF01,0x0312,0xFF01,3628
0xFF01,0x0312,0xFF02,3629
0x0013,0x0349,0x3900,3630
0x0101,0x0346,0x0202,3631
0x0004,0x0060,0x000E,3633
0x0502,0x010F,0x4000,3635
0x1301,0x010F,0x4001,3636
0x0201,0x0346,0x0202,3638
0x0300,0x0438,0xa305,3639
0x0502,0x010F,0x2000,3640
0x0200,0x0438,0xD005,3641
0x4953,0x0063,0x3231,3642
0x0103,0x030A,0x0190,3643
0x0001,0x0407,0x0002,3644
0x0002,0x013C,0x0052,3645
0x0502,0x010F,0x3000,3646
0x0004,0x0403,0x0005,3647
0x0303,0x010F,0x4000,3651
0x0303,0x010F,0x3000,3652
0x0002,0x013C,0x006B,3653
0x0902,0x010F,0x4000,3654
0x0902,0x010F,0x3000,3655
0x0902,0x010F,0x2000,3656
0x0007,0x031E,0x0001,3657
0x0301,0x0346,0x0202,3658
0x0059,0x0357,0x0002,3660
0x1B01,0x010F,0x1000,3661
0x1A01,0x010F,0x1000,3662
0x0001,0x034E,0x0101,3664
0x0001,0x040b,0x0001,3665
0xAA00,0x027A,0xAA01,3667
0x0003,0x018E,0x0015,3670
0x0002,0x013C,0x0070,3671
0x0002,0x013C,0x0071,3672
0x0001,0x042C,0x0001,3673
0x5131,0x015F,0x5101,3674
0x0001,0x041B,0x0001,3675
0x0003,0x0403,0x0004,3676
0x0002,0x0299,0x1A90,3677
0x4953,0x0063,0x3236,3678
0x0003,0x0403,0x0005,3679
0x0004,0x0344,0x0001,3681
0x0057,0x0357,0x0002,3682
0x0058,0x0357,0x0002,3683
0x0005,0x0374,0x0001,3684
0x4744,0x014F,0x3531,3685
0x0401,0x0346,0x0202,3686
0x1000,0x014f,0x1001,3687
0x0401,0x0346,0x0201,3688
0x0001,0x0121,0x0101,3689
0x0003,0x003B,0x6500,3690
0x0001,0x0371,0x0014,3691
0x000A,0x0150,0x002B,3692
0x0003,0x0371,0x008D,3693
0x0002,0x0371,0x00BB,3694
0x0B01,0x0346,0x0101,3696
0x0100,0x0208,0x0022,3697
0x0004,0x0371,0x00BD,3699
0xC000,0x0312,0xC007,3701
0x5448,0x0156,0x0001,3702
0x0903,0x0311,0x006F,3704
0xC000,0x0312,0xC006,3705
0x0001,0x003B,0x0469,3706
0x0001,0x003B,0x0468,3707
0x0001,0x0311,0x0101,3708
0x0001,0x0138,0x0003,3709
0x4744,0x014F,0x3531,3710
0xFF00,0x0312,0xFF07,3711
0x0001,0x0374,0x0082,3712
0x0001,0x0374,0x0083,3713
0xFF00,0x0312,0xFF06,3715
0x0903,0x0311,0x008C,3716
0x0004,0x0344,0x0002,3717
0x0002,0x0311,0x0102,3718
0xFF00,0x0312,0xFF09,3719
0x0902,0x027A,0x2000,3720
0xFF00,0x0312,0xFF08,3721
0x0101,0x0208,0x0016,3722
0x000D,0x031E,0x0001,3723
0x0003,0x018E,0x0014,3724
0x0004,0x019A,0x0004,3726
0x0502,0x010F,0x6000,3727
0x0502,0x010F,0x9000,3728
0x0502,0x010F,0x8000,3729
0x0502,0x010F,0x7000,3730
0x0502,0x010F,0xA000,3731
0x0502,0x010F,0xB000,3732
0x0002,0x0371,0x00BB,3736
0x0004,0x0344,0x0001,3737
0x5044,0x0039,0x3033,3739
0x5052,0x0039,0x3033,3740
0x4F50,0x0039,0x3032,3741
0x0003,0x0371,0x008D,3742
0x5044,0x0039,0x3038,3743
0x5052,0x0039,0x3038,3744
0x4952,0x0039,0x3036,3745
0x4952,0x0039,0x3133,3746
0x0004,0x018E,0x0002,3747
0x0002,0x0402,0x0001,3748
0xa000,0x0312,0xa00a,3749
0x4944,0x041B,0x3038,3750
0x4944,0x0039,0x3038,3751
0x0007,0x0267,0x0000,3752
0x0007,0x0267,0x0000,3754
0x0007,0x0267,0x0000,3756
0x0009,0x0267,0x0000,3757
0x0009,0x0267,0x0000,3758
0x0009,0x0267,0x0000,3759
0x0008,0x0267,0x0000,3760
0x0008,0x0267,0x0000,3761
0x0008,0x0267,0x0000,3762
0x0005,0x0267,0x0000,3763
0x0005,0x0267,0x0000,3764
0x0005,0x0267,0x0000,3765
0x0004,0x0267,0x0000,3766
0x0004,0x0267,0x0000,3767
0x0004,0x0267,0x0000,3768
0x0001,0x0267,0x0000,3769
0x0001,0x0267,0x0000,3770
0x0001,0x0267,0x0000,3771
0x0015,0x0060,0x0001,3772
0x0003,0x0433,0x0005,3774
0x0003,0x0433,0x000D,3775
0xa000,0x0312,0xa008,3776
0x0005,0x0299,0x1A93,3778
0x0003,0x0299,0x1A91,3779
0x0001,0x039B,0x0013,3781
0x0004,0x018E,0x0001,3782
0x0300,0x0330,0xa306,3783
0x0004,0x0094,0x0104,3784
0x0102,0x0371,0x00BB,3785
0x0202,0x0371,0x00BB,3786
0x0004,0x018E,0x000F,3787
0xa000,0x027A,0xa00a,3788
0x0001,0x0159,0x0055,3789
0x0002,0x0371,0x0016,3790
0xa000,0x027A,0xa008,3791
0x0005,0x0159,0x0054,3792
0x0005,0x014A,0x04AA,3793
0x0002,0x013C,0x0078,3794
0x0004,0x0436,0x5001,3795
0x0202,0x0431,0x0001,3796
0x0202,0x0431,0x0001,3797
0x0004,0x0299,0x1A92,3798
0x0003,0x019B,0x0203,3802
0x0006,0x037B,0x0001,3803
0x0001,0x013C,0x0076,3804
0x0004,0x0344,0x0003,3805
0x2021,0x0109,0x2112,3806
0x0003,0x0403,0x0004,3807
0x1301,0x010F,0x1001,3808
0x1301,0x010F,0x1000,3809
0x0003,0x003B,0x6500,3811
0x2001,0x0109,0x01D1,3812
0x0003,0x003B,0x6500,3813
0x202E,0x0109,0x2E02,3814
0x0300,0x0300,0x0042,3815
0x0300,0x0300,0x0044,3816
0x0300,0x0300,0x0041,3817
0x0003,0x019B,0x3600,3818
0x202F,0x0109,0x2F01,3819
0x0001,0x0130,0x0003,3820
0x0001,0x012A,0x0003,3821
0x0002,0x0403,0x0004,3822
0x0002,0x025B,0x0001,3823
0x0004,0x018E,0x0003,3824
0x5044,0x041B,0x3033,3825
0x5354,0x009B,0x5A31,3826
0x5052,0x041B,0x3033,3827
0x0300,0x019B,0xa305,3828
0x0037,0x001D,0x0002,3829
0x5044,0x0039,0x3033,3830
0x0002,0x0403,0x0007,3831
0x0038,0x001D,0x0002,3832
0x4F50,0x041B,0x3035,3833
0x0002,0x0403,0x0006,3834
0x4952,0x041B,0x3036,3835
0x4952,0x041B,0x3133,3836
0x2400,0x0441,0x1000,3837
0x0003,0x021D,0x0003,3838
0x0003,0x010F,0x00BA,3839
0x0004,0x0344,0x0009,3840
0x0001,0x034E,0x0009,3841
0x0002,0x025B,0x0001,3843
0x0103,0x0371,0x0017,3844
0x0300,0x0300,0x0042,3845
0x0702,0x015F,0x5102,3846
0x0702,0x015F,0x5102,3847
0x0002,0x025B,0x0001,3848
0x2001,0x0109,0x01D1,3849
0x2001,0x0109,0x01D1,3850
0x2001,0x0109,0x01D1,3851
0x2001,0x0109,0x01D1,3852
0x0004,0x019A,0x0004,3855
0x0001,0x0400,0x0001,3856
0x0004,0x0344,0x0003,3858
0x0004,0x043A,0x0001,3859
0x0004,0x019B,0x0204,3860
0x0401,0x0346,0x0301,3861
0x0201,0x0346,0x0301,3862
0x0004,0x0403,0x0001,3863
0x0004,0x018E,0x0013,3864
0x0300,0x0300,0x0044,3865
0x0002,0x0371,0x000C,3866
0x0003,0x018E,0x0018,3867
0x0002,0x025B,0x0001,3868
0x0301,0x0346,0x0301,3869
0x0101,0x0346,0x0301,3870
0x0002,0x0371,0x0013,3872
0x0003,0x0403,0x0007,3873
0x0103,0x010F,0x00BA,3874
0x0202,0x0431,0x0002,3875
0x0002,0x0371,0x0009,3876
0x2001,0x0109,0x01D1,3878
0x0003,0x0433,0x000E,3881
0x8002,0x0129,0xA570,3882
0x2301,0x010F,0x1000,3883
0x5354,0x009B,0x5A31,3884
0x0101,0x0270,0x000A,3885
0x0001,0x0138,0x0003,3886
0x0016,0x0060,0x0001,3887
0x0011,0x0267,0x0000,3888
0x0001,0x0411,0x2112,3889
0x0004,0x0344,0x000A,3890
0x0001,0x034E,0x000A,3891
0x4952,0x0063,0x3234,3892
0x0100,0x0208,0x0019,3893
0x0200,0x0208,0x000F,3895
0x0200,0x0208,0x0008,3896
0x0200,0x0208,0x0012,3897
0x5442,0x0010,0x5439,3898
0x8161,0x010A,0x2062,3899
0x0300,0x0330,0xa30f,3900
0x0004,0x019A,0x000B,3901
0x000E,0x031E,0x0001,3902
0x0004,0x0148,0x0001,3903
0x0702,0x015F,0x5102,3904
0x0702,0x015F,0x5102,3905
0x0702,0x015F,0x5102,3906
0x0300,0x0330,0xb302,3907
0x0005,0x0148,0x0001,3908
0x0111,0x0447,0x1102,3909
0x0300,0x0438,0xa30f,3910
0x0300,0x0438,0xa306,3911
0x0200,0x0438,0xD00C,3912
0x5052,0x0063,0x3133,3915
0x0101,0x0270,0x000A,3916
0x0002,0x0440,0x0051,3917
0x8161,0x010A,0x2062,3918
0x0111,0x0447,0x1201,3919
0x0111,0x0447,0x1105,3920
0x0001,0x0399,0x0001,3921
0x0111,0x0447,0x1101,3922
0x0005,0x013C,0x007e,3923
0x4C42,0x0063,0x3035,3924
0x0004,0x003B,0x2109,3925
0x0003,0x018E,0x0017,3926
0x0004,0x019A,0x0004,3927
0x4944,0x0063,0x3337,3928
0x0103,0x0194,0x0050,3929
0x0003,0x0403,0x0007,3930
0x0001,0x0224,0x0002,3931
0x0202,0x0431,0x0002,3932
0x0003,0x019B,0x3601,3933
0x5044,0x0063,0x3134,3934
0x0008,0x0159,0x0051,3935
0x5052,0x0063,0x3134,3936
0x0004,0x019A,0x0004,3938
0x0201,0x0270,0x010B,3939
0x0001,0x0415,0x0003,3940
0x0004,0x019A,0x0004,3941
0x0004,0x019A,0x0004,3942
0x0004,0x019A,0x0004,3943
0x0004,0x019A,0x0004,3944
0x0004,0x019A,0x0004,3945
0x0004,0x019A,0x0004,3946
0x0004,0x019A,0x0004,3947
0x0004,0x019A,0x0004,3948
0x0404,0x010F,0x1000,3949
0x0102,0x0371,0x000C,3950
0x0102,0x0371,0x0013,3951
0x0010,0x037B,0x0001,3952
0x4953,0x0063,0x3430,3953
0x4953,0x0063,0x3336,3955
0x0003,0x0440,0x0071,3956
0x4843,0x0063,0x3136,3958
0x4843,0x0063,0x3138,3959
0x0004,0x0440,0x0081,3960
0x0004,0x019A,0x000B,3961
0x0004,0x019A,0x000B,3962
0x0004,0x019A,0x000B,3963
0x0004,0x019A,0x000B,3964
0x0004,0x019A,0x000B,3965
0x0004,0x019A,0x000B,3966
0x0004,0x019A,0x000B,3967
0x0004,0x019A,0x000B,3968
0x0004,0x019A,0x000B,3969
0x0002,0x0440,0x0051,3970
0x4953,0x0063,0x3238,3971
0x0001,0x031E,0x0001,3972
0xFF00,0x0312,0xFF0C,3973
0x5044,0x0063,0x3133,3974
0x4952,0x0063,0x3235,3978
0x4944,0x0063,0x3338,3979
0x0204,0x010F,0x1000,3980
0xEE00,0x0312,0xEE01,3981
0x0102,0x0371,0x0009,3982
0x2400,0x0441,0x3000,3983
0x0201,0x000C,0x000C,3984
0x0001,0x0193,0x0002,3985
0x0004,0x0427,0x0001,3986
0x4944,0x0063,0x3333,3987
0x0002,0x0440,0x0051,3988
0x0011,0x037B,0x0001,3989
0x0003,0x0440,0x0071,3990
0x0012,0x037B,0x0001,3991
0x2400,0x0441,0x4000,3992
0xEE00,0x0312,0xEE02,3993
0xA803,0x015F,0x135A,3995
0xEE00,0x0312,0xEE03,3996
0x5438,0x008B,0x325A,3998
0x0003,0x0403,0x0008,3999
0x0007,0x014A,0x3975,4000
0x4944,0x0063,0x3330,4002
0x4944,0x0063,0x3332,4003
0x4952,0x0063,0x3237,4004
0x4944,0x0063,0x3339,4005
0x4952,0x0063,0x3238,4006
0xEE00,0x0312,0xEE04,4007
0x0004,0x0287,0x0071,4009
0x0202,0x0208,0x000B,4011
0x0001,0x0193,0x0007,4012
0x0001,0x0193,0x0008,4013
0x0001,0x0193,0x0006,4014
0x0001,0x0193,0x000A,4015
0x0007,0x0150,0x001F,4019
0x0002,0x029C,0x0001,4021
0x0010,0x0448,0x19F1,4022
0x8002,0x0129,0x46D5,4023
0x4944,0x0063,0x3235,4024
0x0811,0x0090,0x03A8,4026
0x0004,0x044B,0x0002,4027
0x0004,0x019B,0x2403,4028
0x5343,0x014F,0x5a57,4030
0x4944,0x0063,0x3339,4031
0x0002,0x0086,0x005F,4032
0x4944,0x0063,0x3330,4033
0x4944,0x0063,0x3332,4034
0x0003,0x021D,0x0003,4035
0x0102,0x0208,0x0004,4036
0x4944,0x0063,0x3333,4037
0x0003,0x0402,0x0001,4038
0x0003,0x0402,0x0002,4039
0x0001,0x034E,0x000A,4040
0x0007,0x0150,0x002A,4041
0x0001,0x034E,0x000C,4042
0x4953,0x0063,0x3430,4043
0x0003,0x039B,0x000A,4044
0x0010,0x0059,0x0003,4045
0x000A,0x031E,0x0001,4047
0x0004,0x019A,0x0004,4048
0x0004,0x019A,0x0004,4049
0x0001,0x0367,0x0001,4050
0x0004,0x019A,0x0004,4051
0x0004,0x019A,0x0004,4052
0x0004,0x019A,0x0004,4053
0x0004,0x019A,0x0004,4054
0x0004,0x019A,0x0004,4055
0x0004,0x019A,0x0004,4056
0x0004,0x019A,0x0004,4057
0x0004,0x019A,0x0004,4059
0x0004,0x019A,0x0004,4060
0x0002,0x0371,0x0018,4061
0x0004,0x019B,0x3500,4062
0x0004,0x019A,0x000B,4063
0x0003,0x019B,0x3602,4064
0xBB00,0x0312,0xBB01,4065
0x4953,0x0063,0x3432,4066
0x0004,0x019A,0x000B,4067
0x0004,0x019A,0x000B,4068
0x0004,0x019A,0x000B,4069
0x0004,0x019A,0x000B,4070
0x0004,0x019A,0x000B,4071
0x0004,0x019A,0x000B,4072
0x0004,0x019A,0x000B,4073
0x0004,0x019A,0x000B,4074
0x0004,0x019A,0x000B,4075
0x0015,0x0094,0x0115,4076
0x0001,0x0390,0x0001,4077
0xBB00,0x0312,0xBB02,4078
0x0008,0x0159,0x0052,4079
0x7000,0x0312,0xF001,4080
0x5343,0x014F,0x5a57,4083
0x0002,0x0194,0x0002,4084
0x0003,0x010F,0x1000,4086
0x0001,0x0138,0x0058,4087
0x4744,0x012A,0x3034,4089
0x4449,0x001A,0x0501,4090
0x8002,0x0129,0x46D2,4092
0x5442,0x014A,0x5439,4093
0x8004,0x0129,0x46D1,4094
0x8002,0x0129,0x46C5,4095
0x8002,0x0129,0x46C2,4096
0x8004,0x0129,0x46C1,4097
0x0807,0x0140,0x1007,4098
0x2021,0x0109,0x2112,4099
0x7000,0x027A,0xA001,4103
0x7000,0x027A,0xA006,4104
0x4C42,0x0063,0x3035,4105
0x0004,0x019A,0x000C,4106
0x0004,0x010F,0x1000,4107
0x7000,0x027A,0xA002,4108
0x7000,0x027A,0xA007,4109
0x000E,0x0447,0x1106,4110
0x000E,0x0447,0x1108,4112
0x5354,0x009B,0x5A31,4113
0x7000,0x027A,0xF001,4114
0x0004,0x0452,0x0001,4115
0x000E,0x0447,0x1301,4116
0x0004,0x019A,0x000C,4117
0x0701,0x0346,0x0301,4118
0x4B50,0x0156,0x0001,4119
0x0103,0x021D,0x0003,4120
0x000E,0x0447,0x1107,4121
0x0003,0x003B,0x6500,4122
0xEE00,0x0312,0xEE01,4125
0x0013,0x0094,0x0113,4126
0x0014,0x0094,0x0114,4128
0x0701,0x0346,0x0301,4129
0x0005,0x010F,0x1000,4130
0xBB00,0x027A,0xBB08,4131
0xBB00,0x027A,0xBB0A,4132
0x4744,0x012A,0x3033,4133
0xFF00,0x0312,0xFF0D,4137
0xEE00,0x0312,0xEE03,4138
0x0004,0x0312,0xEE02,4139
0xEE00,0x0312,0xEE04,4140
0x4952,0x0063,0x3136,4142
0x4952,0x0063,0x3135,4143
0x4C42,0x0063,0x3035,4145
0x0201,0x0346,0x0301,4147
0x0401,0x0346,0x0301,4148
0x0301,0x0346,0x0301,4149
0x0101,0x0346,0x0301,4150
0x0201,0x027A,0x0006,4152
0x0502,0x010F,0x1000,4153
0x0004,0x019A,0x000B,4154
0x0004,0x019A,0x0004,4155
0x4952,0x0063,0x3139,4156
0x4952,0x0063,0x3137,4157
0x0204,0x0189,0x0301,4158
0x0004,0x019A,0x000B,4159
0x0004,0x019A,0x0004,4160
0x7000,0x027A,0xA003,4161
0x4944,0x0063,0x3330,4162
0x4944,0x0063,0x3332,4163
0x7000,0x027A,0xA004,4164
0x0502,0x010F,0xB000,4165
0x0502,0x010F,0x2000,4166
0x4952,0x0063,0x3231,4167
0x4952,0x0063,0x3237,4168
0x4952,0x041B,0x3036,4169
0x4952,0x0063,0x3238,4171
0x0502,0x010F,0x6000,4172
0x0502,0x010F,0x7000,4173
0x0502,0x010F,0x3000,4174
0x0502,0x010F,0x4000,4175
0x4447,0x000C,0x4036,4176
0x0004,0x0452,0x0001,4179
0x000E,0x0447,0x1202,4180
0x0003,0x003B,0x6500,4181
0x0003,0x003B,0x6500,4182
0x0811,0x0090,0x03A8,4184
0x0001,0x012A,0x0004,4185
0x0001,0x013C,0x0077,4188
0x4944,0x0063,0x3334,4190
0x0004,0x013C,0x0084,4191
0x0001,0x0346,0x0101,4192
0x0713,0x0312,0xD100,4193
0x0001,0x013C,0x0077,4194
0x0002,0x031E,0x0001,4197
0x0001,0x031E,0x0001,4206
0x0001,0x013C,0x0077,4207
0xBA5E,0x0244,0x0001,4208
0x0005,0x013C,0x007e,4209
0x0001,0x013C,0x0077,4210
